,objectName,spec1,spec2,I01,I02,I1,I2
0,000951.17+092710.5,"Spectra(plate='4534', mjd='55863', fiber='0968')","Spectra(plate='5648', mjd='55923', fiber='0386')",3.790716,3.5910115,3.3798451,3.2896967
1,001025.20-030959.3,"Spectra(plate='9342', mjd='57722', fiber='0981')","Spectra(plate='4365', mjd='55539', fiber='0206')",11.0518875,8.162217,6.191407,6.194312
2,001126.16+073525.2,"Spectra(plate='11309', mjd='58428', fiber='0984')","Spectra(plate='11311', mjd='58429', fiber='0504')",5.2710295,4.4865947,3.9182763,3.7553456
3,001249.89+285552.6,"Spectra(plate='7135', mjd='56564', fiber='0944')","Spectra(plate='7746', mjd='58074', fiber='0103')",8.510925,9.257643,3.3161557,3.3672118
4,002051.90+250100.1,"Spectra(plate='7662', mjd='57358', fiber='0253')","Spectra(plate='6279', mjd='56243', fiber='0860')",8.201893,7.4733787,1.9538168,1.8759246
5,002111.05+202128.5,"Spectra(plate='7592', mjd='56947', fiber='0922')","Spectra(plate='6180', mjd='56301', fiber='0610')",5.3878355,3.8924181,2.926632,2.7096171
6,002142.87+354659.6,"Spectra(plate='7132', mjd='56565', fiber='0506')","Spectra(plate='7743', mjd='58107', fiber='0726')",4.2420745,4.1459007,1.6597477,1.6677366
7,002244.63+342220.0,"Spectra(plate='7131', mjd='56570', fiber='0062')","Spectra(plate='7744', mjd='58396', fiber='0961')",7.092598,5.3519745,1.177699,1.1691658
8,002500.40-041732.2,"Spectra(plate='9341', mjd='57743', fiber='0404')","Spectra(plate='7037', mjd='56570', fiber='0922')",9.293078,6.813319,4.1968617,4.2289734
9,002508.07-023325.1,"Spectra(plate='9341', mjd='57743', fiber='0662')","Spectra(plate='4367', mjd='55566', fiber='0270')",6.9310875,5.058857,3.0890448,3.1086133
10,002945.97-032201.4,"Spectra(plate='7902', mjd='57362', fiber='0929')","Spectra(plate='9346', mjd='57751', fiber='0604')",21.739109,25.405201,1.7468948,1.7450525
11,003150.73+062901.1,"Spectra(plate='4418', mjd='55862', fiber='0752')","Spectra(plate='2327', mjd='53710', fiber='0292')",9.00918,5.2456675,5.446385,5.050844
12,003713.64+241121.5,"Spectra(plate='7672', mjd='57339', fiber='0394')","Spectra(plate='6283', mjd='56239', fiber='0922')",3.007683,4.0521545,1.3711013,1.3862946
13,004111.17+303359.0,"Spectra(plate='6529', mjd='56535', fiber='0374')","Spectra(plate='7715', mjd='57364', fiber='0084')",12.150806,12.127101,10.522806,10.504126
14,004244.99+201920.5,"Spectra(plate='7616', mjd='56902', fiber='0196')","Spectra(plate='6194', mjd='56190', fiber='0814')",16.167501,18.543686,13.95898,14.405193
15,004258.76+190343.9,"Spectra(plate='7618', mjd='56898', fiber='0556')","Spectra(plate='6193', mjd='56237', fiber='0968')",7.3076096,9.19768,3.332957,3.3465302
16,004317.05+304343.2,"Spectra(plate='7718', mjd='57362', fiber='0636')","Spectra(plate='6254', mjd='56268', fiber='0555')",4.39972,3.6258879,2.6691031,2.6607637
17,004621.15+241056.4,"Spectra(plate='7675', mjd='57327', fiber='0516')","Spectra(plate='2058', mjd='53349', fiber='0006')",18.510466,15.602423,9.147756,9.122202
18,004708.76+132855.6,"Spectra(plate='6202', mjd='56266', fiber='0927')","Spectra(plate='6203', mjd='56266', fiber='0304')",3.794119,5.6073294,3.2471483,3.194665
19,005011.77+184731.7,"Spectra(plate='6199', mjd='56220', fiber='0935')","Spectra(plate='7619', mjd='56900', fiber='0367')",12.036105,15.259237,2.3041484,2.3291545
20,005419.98+002727.9,"Spectra(plate='7872', mjd='57279', fiber='0642')","Spectra(plate='9412', mjd='58096', fiber='0012')",11.74301,10.930785,8.301587,8.288601
21,005419.98+002727.9,"Spectra(plate='7872', mjd='57279', fiber='0642')","Spectra(plate='9412', mjd='58096', fiber='0012')",11.74301,12.291253,8.601546,8.619956
22,005757.32+141900.0,"Spectra(plate='5704', mjd='56187', fiber='0256')","Spectra(plate='0420', mjd='51871', fiber='0012')",6.949888,5.0455475,5.3323107,5.4360666
23,011146.34-033039.0,"Spectra(plate='7915', mjd='57309', fiber='0986')","Spectra(plate='9332', mjd='58072', fiber='0174')",10.634715,12.140006,3.3682249,3.3601055
24,012221.70-030004.6,"Spectra(plate='9334', mjd='57712', fiber='0592')","Spectra(plate='4352', mjd='55533', fiber='0442')",6.1296177,5.3431163,1.4827901,1.4587586
25,012451.54+084742.5,"Spectra(plate='4552', mjd='55884', fiber='0408')","Spectra(plate='4556', mjd='55912', fiber='0836')",4.0364795,3.506428,1.3912472,1.3926998
26,013726.11+150453.9,"Spectra(plate='5130', mjd='55835', fiber='0453')","Spectra(plate='0426', mjd='51882', fiber='0416')",9.996823,8.474272,0.84599084,0.8358894
27,013727.60-015416.3,"Spectra(plate='7845', mjd='56980', fiber='0570')","Spectra(plate='9379', mjd='58081', fiber='0138')",8.207109,5.922058,2.1414251,2.1579585
28,014206.86+025713.0,"Spectra(plate='7842', mjd='56899', fiber='0824')","Spectra(plate='9433', mjd='58131', fiber='0085')",10.173834,10.78603,4.0961156,4.0784926
29,014345.09-040046.4,"Spectra(plate='9331', mjd='57711', fiber='0775')","Spectra(plate='7050', mjd='56573', fiber='0636')",10.3869705,13.100077,8.246555,8.366477
30,014724.00+222545.4,"Spectra(plate='5108', mjd='55888', fiber='0830')","Spectra(plate='7638', mjd='56981', fiber='0217')",7.1462884,5.508221,1.1747024,1.1586871
31,015006.47-080203.5,"Spectra(plate='7164', mjd='56597', fiber='0258')","Spectra(plate='0664', mjd='52174', fiber='0601')",9.47699,11.028807,9.459494,9.878969
32,020107.78+045406.9,"Spectra(plate='8736', mjd='57400', fiber='0595')","Spectra(plate='9425', mjd='58112', fiber='0621')",9.583816,9.770485,5.5522404,5.808718
33,021646.94-092107.3,"Spectra(plate='4395', mjd='55828', fiber='0336')","Spectra(plate='0668', mjd='52162', fiber='0260')",12.484707,11.361462,4.0314107,4.0153775
34,022557.57+000856.3,"Spectra(plate='3615', mjd='56544', fiber='0672')","Spectra(plate='3647', mjd='55241', fiber='0658')",2.6157913,2.1733103,2.185107,2.0331318
35,022647.42+001254.4,"Spectra(plate='6780', mjd='56577', fiber='0695')","Spectra(plate='9373', mjd='58096', fiber='0619')",4.6444116,4.166612,2.086218,2.0060167
36,022647.42+001254.4,"Spectra(plate='6780', mjd='56577', fiber='0695')","Spectra(plate='9373', mjd='58096', fiber='0619')",4.6444116,4.072327,3.1325684,3.0160098
37,024217.89-024322.9,"Spectra(plate='9314', mjd='57716', fiber='0846')","Spectra(plate='7826', mjd='56931', fiber='0354')",6.673375,5.647972,3.9512815,3.8822227
38,024304.68+000005.4,"Spectra(plate='7822', mjd='57041', fiber='0529')","Spectra(plate='3651', mjd='55247', fiber='0320')",12.946732,14.52211,1.2701198,1.2583303
39,024304.68+000005.4,"Spectra(plate='7822', mjd='57041', fiber='0529')","Spectra(plate='3651', mjd='55247', fiber='0320')",12.946732,13.964763,2.8863406,2.8650577
40,024914.90-005824.8,"Spectra(plate='9311', mjd='57743', fiber='0839')","Spectra(plate='4241', mjd='55450', fiber='0248')",4.169499,2.758366,1.7873838,1.7868463
41,024914.90-005824.8,"Spectra(plate='9311', mjd='57743', fiber='0839')","Spectra(plate='4241', mjd='55450', fiber='0248')",4.169499,3.6436014,1.6913526,1.7247034
42,025103.50-075555.9,"Spectra(plate='7058', mjd='56593', fiber='0200')","Spectra(plate='0457', mjd='51901', fiber='0276')",8.529581,8.802967,8.181525,8.135594
43,025329.82-044421.7,"Spectra(plate='7056', mjd='56577', fiber='0628')","Spectra(plate='7054', mjd='56575', fiber='0232')",4.759516,3.5204625,3.2339382,3.1520207
44,025625.62-011911.6,"Spectra(plate='9372', mjd='58074', fiber='0211')","Spectra(plate='7820', mjd='56984', fiber='0250')",9.907515,8.044837,6.335659,6.0616717
45,025630.38-021844.1,"Spectra(plate='9312', mjd='57784', fiber='0818')","Spectra(plate='7823', mjd='56978', fiber='0938')",10.393228,8.452457,2.508594,2.4419127
46,075830.75+430146.8,"Spectra(plate='6376', mjd='56269', fiber='0091')","Spectra(plate='3676', mjd='55186', fiber='0060')",3.7643218,4.008021,2.8799107,2.8761852
47,080621.45+191441.0,"Spectra(plate='4487', mjd='55866', fiber='0852')","Spectra(plate='1923', mjd='53319', fiber='0563')",4.6053705,6.652309,2.846898,2.9017608
48,080931.57+471824.6,"Spectra(plate='7378', mjd='56715', fiber='0444')","Spectra(plate='0438', mjd='51884', fiber='0598')",8.263742,11.742729,0.6955065,0.6933102
49,080931.57+471824.6,"Spectra(plate='7378', mjd='56715', fiber='0444')","Spectra(plate='0438', mjd='51884', fiber='0598')",8.263742,8.368977,0.6955065,0.5598004
50,081822.63+434633.8,"Spectra(plate='8278', mjd='56990', fiber='0076')","Spectra(plate='8279', mjd='57063', fiber='0494')",10.836155,9.509502,7.1573973,6.935233
51,081941.18+285904.2,"Spectra(plate='10657', mjd='58157', fiber='0566')","Spectra(plate='1207', mjd='52672', fiber='0268')",13.250235,15.486765,6.226036,6.2718377
52,082035.23+361442.6,"Spectra(plate='8857', mjd='57449', fiber='0410')","Spectra(plate='0826', mjd='52295', fiber='0407')",10.614393,7.942075,6.9714975,7.2080054
53,082625.22+261252.7,"Spectra(plate='4461', mjd='55888', fiber='0929')","Spectra(plate='1586', mjd='52945', fiber='0379')",13.779378,19.915981,5.0057526,4.8148127
54,082734.23+582444.5,"Spectra(plate='5152', mjd='56010', fiber='0772')","Spectra(plate='1873', mjd='54437', fiber='0553')",12.933278,11.968327,7.2967978,7.276309
55,082804.54+445256.8,"Spectra(plate='8279', mjd='57063', fiber='0827')","Spectra(plate='0548', mjd='51986', fiber='0157')",15.704687,16.664513,4.7604995,4.949761
56,082804.54+445256.8,"Spectra(plate='8279', mjd='57063', fiber='0827')","Spectra(plate='0548', mjd='51986', fiber='0157')",15.704687,13.830805,2.4103007,2.4103198
57,083113.53+455420.0,"Spectra(plate='6394', mjd='56330', fiber='0811')","Spectra(plate='5160', mjd='55895', fiber='0409')",7.315178,10.902218,1.4392449,1.443185
58,083704.16+332310.5,"Spectra(plate='4445', mjd='55869', fiber='0832')","Spectra(plate='4445', mjd='55622', fiber='0838')",10.830438,8.059544,1.3269519,1.3006856
59,084108.90+102610.9,"Spectra(plate='5284', mjd='55866', fiber='0892')","Spectra(plate='5287', mjd='55952', fiber='0422')",24.286068,21.479986,18.113758,18.281988
60,084114.66+233930.9,"Spectra(plate='4472', mjd='55893', fiber='0828')","Spectra(plate='9600', mjd='58106', fiber='0260')",6.54643,6.0641775,1.9442314,1.981943
61,084133.01+240646.8,"Spectra(plate='9600', mjd='58106', fiber='0274')","Spectra(plate='1931', mjd='53358', fiber='0235')",7.592039,7.0162544,3.7675402,3.76164
62,084258.83+361444.2,"Spectra(plate='8859', mjd='57452', fiber='0427')","Spectra(plate='0864', mjd='52320', fiber='0061')",8.353128,12.352455,8.350295,8.586566
63,084258.83+361444.2,"Spectra(plate='8859', mjd='57452', fiber='0427')","Spectra(plate='0864', mjd='52320', fiber='0061')",8.353128,10.270613,8.196005,8.521085
64,084317.60+080459.7,"Spectra(plate='5289', mjd='55893', fiber='0480')","Spectra(plate='1298', mjd='52964', fiber='0373')",13.046423,15.565574,13.128241,12.574283
65,084348.68+445226.9,"Spectra(plate='8280', mjd='57061', fiber='0902')","Spectra(plate='0763', mjd='52235', fiber='0125')",7.542375,9.864126,6.5264387,6.543326
66,084932.42+402247.2,"Spectra(plate='4606', mjd='56223', fiber='0048')","Spectra(plate='0829', mjd='52296', fiber='0117')",5.776137,6.1446886,2.5283391,2.6295543
67,085124.67+262938.1,"Spectra(plate='5181', mjd='56298', fiber='0172')","Spectra(plate='9604', mjd='58133', fiber='0553')",8.452326,6.783841,6.075744,4.9897165
68,085641.56+424254.0,"Spectra(plate='4604', mjd='55983', fiber='0760')","Spectra(plate='8296', mjd='57375', fiber='0702')",10.575853,9.81904,1.2310606,1.2260224
69,085723.97+413603.7,"Spectra(plate='4604', mjd='55983', fiber='0228')","Spectra(plate='0830', mjd='52293', fiber='0113')",10.485548,7.9305773,5.6295085,5.584874
70,085830.15+202514.4,"Spectra(plate='9564', mjd='57817', fiber='0813')","Spectra(plate='2282', mjd='53683', fiber='0098')",10.472939,8.375697,2.8235874,2.7600691
71,090002.20+180404.3,"Spectra(plate='9556', mjd='57805', fiber='0468')","Spectra(plate='2283', mjd='53729', fiber='0141')",7.748459,5.299806,3.2624,3.1601143
72,090002.20+180404.3,"Spectra(plate='9556', mjd='57805', fiber='0468')","Spectra(plate='2283', mjd='53729', fiber='0141')",7.748459,4.1939073,3.3788342,3.0057323
73,090306.66+272532.9,"Spectra(plate='5780', mjd='56274', fiber='0856')","Spectra(plate='10661', mjd='58171', fiber='0162')",7.074565,5.6730165,1.49891,1.525146
74,090410.43+211531.0,"Spectra(plate='5773', mjd='56009', fiber='0038')","Spectra(plate='5772', mjd='56003', fiber='0514')",8.612059,8.277613,6.941648,7.0815425
75,090430.48+343108.9,"Spectra(plate='5812', mjd='56354', fiber='0914')","Spectra(plate='1211', mjd='52964', fiber='0021')",7.2058363,4.251156,1.301481,1.2146802
76,090638.18+172223.4,"Spectra(plate='5297', mjd='55913', fiber='0936')","Spectra(plate='2437', mjd='53848', fiber='0345')",32.073147,28.829613,2.4519038,2.4318633
77,090646.97+525129.9,"Spectra(plate='5729', mjd='56598', fiber='0538')","Spectra(plate='0552', mjd='51992', fiber='0582')",9.212994,12.101215,8.117409,8.51515
78,090727.57+445143.1,"Spectra(plate='8282', mjd='57041', fiber='0904')","Spectra(plate='4687', mjd='56338', fiber='0504')",9.087473,7.859706,7.6860795,7.6259956
79,090822.49+450014.3,"Spectra(plate='4687', mjd='56369', fiber='0546')","Spectra(plate='4687', mjd='56338', fiber='0558')",6.0072904,8.6381445,3.6841733,4.1553526
80,090910.10+563026.6,"Spectra(plate='7279', mjd='57071', fiber='0998')","Spectra(plate='0450', mjd='51908', fiber='0538')",6.81466,10.882549,5.7372155,6.022663
81,091035.45+574643.3,"Spectra(plate='7278', mjd='57041', fiber='0878')","Spectra(plate='5723', mjd='56597', fiber='0726')",12.3990345,11.576253,1.6464124,1.6478267
82,091035.45+574643.3,"Spectra(plate='7278', mjd='57041', fiber='0878')","Spectra(plate='5723', mjd='56597', fiber='0726')",12.3990345,13.856093,1.863664,1.8729682
83,091537.68+220134.5,"Spectra(plate='5775', mjd='56009', fiber='0204')","Spectra(plate='9562', mjd='57817', fiber='0704')",6.2265863,4.4356933,5.006891,4.9650426
84,091553.58+320619.8,"Spectra(plate='5808', mjd='56325', fiber='0560')","Spectra(plate='10443', mjd='58155', fiber='0716')",14.354599,16.779364,7.892167,7.8407245
85,091944.84+383155.8,"Spectra(plate='8831', mjd='57448', fiber='0110')","Spectra(plate='1213', mjd='52972', fiber='0563')",7.7117157,9.049041,4.7710795,4.754982
86,092104.36+302030.3,"Spectra(plate='5808', mjd='56325', fiber='0288')","Spectra(plate='1938', mjd='53379', fiber='0117')",6.3139167,8.274015,2.416326,2.5843728
87,092153.24+442941.3,"Spectra(plate='4696', mjd='56354', fiber='0496')","Spectra(plate='4687', mjd='56338', fiber='0976')",9.983101,7.880279,2.5271158,2.367634
88,092316.93+033146.9,"Spectra(plate='4795', mjd='55889', fiber='0076')","Spectra(plate='0568', mjd='52254', fiber='0275')",5.6877637,9.984413,6.4085116,6.374056
89,092434.54+423615.1,"Spectra(plate='4639', mjd='55944', fiber='0186')","Spectra(plate='1201', mjd='52674', fiber='0628')",6.94537,9.967324,2.7219849,2.6880276
90,092639.34+383656.8,"Spectra(plate='8832', mjd='57445', fiber='0412')","Spectra(plate='4642', mjd='55926', fiber='0926')",13.810579,9.846064,8.651278,8.603712
91,092653.29+304941.7,"Spectra(plate='5807', mjd='56329', fiber='0434')","Spectra(plate='10440', mjd='58138', fiber='0832')",6.830224,6.178086,5.4903708,5.7071033
92,092732.29+130704.3,"Spectra(plate='5308', mjd='55976', fiber='0928')","Spectra(plate='2578', mjd='54093', fiber='0467')",5.028652,4.1358685,4.0375853,3.9298384
93,093251.73+263532.0,"Spectra(plate='11676', mjd='58512', fiber='0966')","Spectra(plate='11704', mjd='58514', fiber='0516')",7.0448575,9.774428,2.5021596,2.5111465
94,094034.62+551632.7,"Spectra(plate='5710', mjd='56658', fiber='0200')","Spectra(plate='0556', mjd='51991', fiber='0151')",10.901424,7.010248,3.6248374,3.7652748
95,094034.62+551632.7,"Spectra(plate='5710', mjd='56658', fiber='0200')","Spectra(plate='0556', mjd='51991', fiber='0151')",10.901424,9.16481,3.5772884,3.5726352
96,094310.53+160621.6,"Spectra(plate='9583', mjd='57809', fiber='0294')","Spectra(plate='5317', mjd='56000', fiber='0138')",4.0220003,5.3494525,4.1821265,4.410052
97,094319.27+210648.2,"Spectra(plate='5786', mjd='56251', fiber='0190')","Spectra(plate='9618', mjd='58084', fiber='0042')",7.7147007,6.5297985,4.5204473,4.5601254
98,094449.38+204328.2,"Spectra(plate='5786', mjd='56251', fiber='0090')","Spectra(plate='9580', mjd='57865', fiber='0776')",25.538757,20.533737,10.476736,10.48843
99,094541.36+244436.4,"Spectra(plate='5788', mjd='56255', fiber='0852')","Spectra(plate='9622', mjd='58130', fiber='0519')",16.503641,21.352125,14.347991,14.432196
100,094554.99+230538.7,"Spectra(plate='5788', mjd='56255', fiber='0178')","Spectra(plate='9617', mjd='58084', fiber='0562')",12.114805,10.067537,8.553362,8.295441
101,094749.08+243442.9,"Spectra(plate='5790', mjd='56271', fiber='0364')","Spectra(plate='9622', mjd='58130', fiber='0438')",6.3022223,3.3861375,1.2894679,1.2604719
102,094927.88+111518.2,"Spectra(plate='5321', mjd='55945', fiber='0726')","Spectra(plate='1743', mjd='53054', fiber='0283')",5.8113184,5.971595,3.736763,3.7167633
103,095150.97+185512.2,"Spectra(plate='9546', mjd='57864', fiber='0856')","Spectra(plate='2362', mjd='53759', fiber='0053')",5.056508,7.456934,2.1322434,2.1434352
104,095321.17+251146.4,"Spectra(plate='5790', mjd='56271', fiber='0066')","Spectra(plate='9622', mjd='58130', fiber='0797')",8.342575,7.3624964,3.453484,3.5353215
105,095340.00+190705.8,"Spectra(plate='9546', mjd='57864', fiber='0930')","Spectra(plate='2370', mjd='53764', fiber='0601')",6.3182354,5.5640664,6.2499423,6.17831
106,095340.00+190705.8,"Spectra(plate='9546', mjd='57864', fiber='0930')","Spectra(plate='2370', mjd='53764', fiber='0601')",6.3182354,5.656068,5.8748555,5.860377
107,095349.60+320548.4,"Spectra(plate='5799', mjd='56325', fiber='0820')","Spectra(plate='10448', mjd='58158', fiber='0835')",8.115444,6.3033395,5.8918705,5.807073
108,095415.22+140338.5,"Spectra(plate='9587', mjd='57784', fiber='0041')","Spectra(plate='5323', mjd='55957', fiber='0786')",9.468405,7.812656,6.4803677,6.2047787
109,095728.86+165527.9,"Spectra(plate='5326', mjd='56002', fiber='0370')","Spectra(plate='2583', mjd='54095', fiber='0607')",8.711803,8.166363,5.371583,5.553444
110,095841.01+592601.3,"Spectra(plate='5719', mjd='56014', fiber='0142')","Spectra(plate='8194', mjd='57401', fiber='0962')",21.082283,24.188126,10.647239,10.757149
111,095901.24+550408.2,"Spectra(plate='8188', mjd='57348', fiber='0892')","Spectra(plate='0945', mjd='52652', fiber='0436')",8.721151,6.0657496,1.6992836,1.6923829
112,095901.24+550408.2,"Spectra(plate='8188', mjd='57348', fiber='0892')","Spectra(plate='0945', mjd='52652', fiber='0436')",8.721151,7.07347,3.9584365,3.9851882
113,095907.14+162121.5,"Spectra(plate='5326', mjd='56002', fiber='0238')","Spectra(plate='2585', mjd='54097', fiber='0235')",8.8126545,11.340002,6.6417766,6.5074887
114,100308.28+133806.4,"Spectra(plate='5328', mjd='55982', fiber='0744')","Spectra(plate='2586', mjd='54169', fiber='0261')",8.848612,7.6334333,8.187186,8.143479
115,100330.05+475331.3,"Spectra(plate='7329', mjd='56719', fiber='0690')","Spectra(plate='6663', mjd='56338', fiber='0796')",3.7336416,5.6180925,1.3512158,1.3579991
116,100733.78+210945.1,"Spectra(plate='5893', mjd='56034', fiber='0360')","Spectra(plate='2364', mjd='53737', fiber='0151')",6.8558893,6.067629,6.2418494,6.5348697
117,100912.49+252055.2,"Spectra(plate='6466', mjd='56310', fiber='0274')","Spectra(plate='9627', mjd='58132', fiber='0092')",3.419495,4.124831,2.7301126,2.6529434
118,101014.89+185050.8,"Spectra(plate='9571', mjd='57808', fiber='0863')","Spectra(plate='5883', mjd='56033', fiber='0478')",7.2740536,6.4295216,6.805438,6.733271
119,101022.74+602544.2,"Spectra(plate='7081', mjd='56684', fiber='0172')","Spectra(plate='7087', mjd='56637', fiber='0678')",4.2002125,2.9503503,0.6206423,0.6250933
120,101110.88+233134.6,"Spectra(plate='9620', mjd='57874', fiber='0336')","Spectra(plate='2343', mjd='53735', fiber='0112')",9.603259,9.153322,1.7588686,1.7544234
121,101110.88+233134.6,"Spectra(plate='9620', mjd='57874', fiber='0336')","Spectra(plate='2343', mjd='53735', fiber='0112')",9.603259,8.775135,1.7588686,1.7769508
122,101242.50+234131.4,"Spectra(plate='6458', mjd='56274', fiber='0754')","Spectra(plate='9620', mjd='57874', fiber='0260')",7.605365,5.0053253,3.0362275,2.786434
123,101326.47+320909.5,"Spectra(plate='6461', mjd='56329', fiber='0846')","Spectra(plate='10452', mjd='58138', fiber='0637')",5.700042,4.779171,3.5846455,3.765678
124,101748.67+222659.2,"Spectra(plate='5872', mjd='56027', fiber='0666')","Spectra(plate='9614', mjd='57835', fiber='0200')",14.616644,11.637998,7.387878,7.220859
125,101748.67+222659.2,"Spectra(plate='5872', mjd='56027', fiber='0666')","Spectra(plate='9614', mjd='57835', fiber='0200')",14.616644,11.768166,6.823391,6.8970156
126,102259.10+271520.1,"Spectra(plate='6463', mjd='56340', fiber='0280')","Spectra(plate='10455', mjd='58158', fiber='0135')",8.438606,7.312728,4.9129815,4.9008775
127,102416.08+564230.5,"Spectra(plate='7086', mjd='56658', fiber='0066')","Spectra(plate='0947', mjd='52411', fiber='0272')",3.761479,5.967771,4.227751,4.3690634
128,103139.75+225441.5,"Spectra(plate='6425', mjd='56298', fiber='0317')","Spectra(plate='2367', mjd='53763', fiber='0466')",5.2045345,5.8278146,3.5262833,3.4262123
129,103149.36+371055.2,"Spectra(plate='8853', mjd='57459', fiber='0698')","Spectra(plate='1973', mjd='53432', fiber='0472')",7.20627,6.3173094,3.33926,3.3614695
130,103327.16+235803.2,"Spectra(plate='6425', mjd='56298', fiber='0788')","Spectra(plate='10456', mjd='58136', fiber='0218')",7.748884,9.071983,6.2002816,6.194206
131,103353.69+264544.2,"Spectra(plate='6457', mjd='56330', fiber='0269')","Spectra(plate='10457', mjd='58141', fiber='0840')",5.373288,6.715626,2.390827,2.4622185
132,103648.24+292800.0,"Spectra(plate='6452', mjd='56366', fiber='0606')","Spectra(plate='2354', mjd='53799', fiber='0078')",13.388844,11.387985,11.839526,11.24741
133,103737.88+282624.4,"Spectra(plate='6452', mjd='56366', fiber='0334')","Spectra(plate='6457', mjd='56330', fiber='0912')",4.188438,7.926245,2.0799582,2.2516465
134,103940.91+483032.2,"Spectra(plate='7387', mjd='57038', fiber='0232')","Spectra(plate='6656', mjd='56624', fiber='0896')",6.7001233,9.280457,8.257553,8.0109005
135,104110.69+491750.6,"Spectra(plate='7387', mjd='57038', fiber='0842')","Spectra(plate='6656', mjd='56624', fiber='0952')",5.4293356,7.6053333,0.71432847,0.8274536
136,104200.35+255817.1,"Spectra(plate='6453', mjd='56365', fiber='0368')","Spectra(plate='10469', mjd='58133', fiber='0560')",3.7327394,5.026368,0.7732954,0.74437284
137,104256.08+202811.7,"Spectra(plate='5875', mjd='56038', fiber='0502')","Spectra(plate='2478', mjd='54097', fiber='0224')",15.830661,13.588554,10.577834,10.462276
138,104618.67+315840.3,"Spectra(plate='6448', mjd='56365', fiber='0930')","Spectra(plate='10477', mjd='58136', fiber='0531')",5.94126,7.2696576,6.2325697,6.309067
139,104623.28+363024.2,"Spectra(plate='8851', mjd='57460', fiber='0271')","Spectra(plate='2090', mjd='53463', fiber='0462')",3.9821086,4.2022014,3.5199718,3.5048072
140,104801.17+193624.7,"Spectra(plate='5875', mjd='56038', fiber='0310')","Spectra(plate='2478', mjd='54097', fiber='0008')",5.3042765,7.579997,4.594094,4.441694
141,104917.28+071728.6,"Spectra(plate='4853', mjd='55928', fiber='0858')","Spectra(plate='1001', mjd='52670', fiber='0474')",3.7007473,4.976637,1.4692423,1.6285791
142,104919.26+534201.7,"Spectra(plate='8172', mjd='57423', fiber='0412')","Spectra(plate='6703', mjd='56636', fiber='0902')",9.719757,8.0239315,5.094487,5.087743
143,104930.89+543839.6,"Spectra(plate='8172', mjd='57423', fiber='0575')","Spectra(plate='6707', mjd='56383', fiber='0564')",18.982456,18.050789,6.786132,6.770146
144,104930.89+543839.6,"Spectra(plate='8172', mjd='57423', fiber='0575')","Spectra(plate='6707', mjd='56383', fiber='0564')",18.982456,17.041683,6.067909,6.0733304
145,105332.23+620851.7,"Spectra(plate='7096', mjd='56683', fiber='0945')","Spectra(plate='2882', mjd='54498', fiber='0206')",12.418403,9.510456,2.4608133,2.5831842
146,105355.62+513916.6,"Spectra(plate='8166', mjd='57130', fiber='0177')","Spectra(plate='6706', mjd='56385', fiber='0381')",12.466063,10.095857,2.3011894,2.366747
147,105422.03+383045.7,"Spectra(plate='8821', mjd='57731', fiber='0160')","Spectra(plate='4630', mjd='55623', fiber='0824')",9.009502,6.177945,1.9910783,1.9861865
148,105505.30+415848.7,"Spectra(plate='8365', mjd='57450', fiber='0970')","Spectra(plate='1362', mjd='53050', fiber='0185')",4.487505,5.411506,3.6078002,3.6297495
149,110241.47+231522.3,"Spectra(plate='6428', mjd='56279', fiber='0668')","Spectra(plate='2486', mjd='53876', fiber='0094')",5.3166647,6.3379297,5.5512867,5.5446854
150,110547.39+212408.0,"Spectra(plate='6428', mjd='56279', fiber='0178')","Spectra(plate='2488', mjd='54149', fiber='0556')",3.7251325,5.865078,2.5830355,2.813836
151,110845.19+071135.4,"Spectra(plate='4855', mjd='55926', fiber='0950')","Spectra(plate='1003', mjd='52641', fiber='0037')",5.938601,4.416427,3.9216888,3.6869154
152,110948.72+332808.2,"Spectra(plate='6440', mjd='56370', fiber='0760')","Spectra(plate='4627', mjd='55626', fiber='0166')",6.8416204,8.588371,7.090036,7.501429
153,111111.89+522200.0,"Spectra(plate='6699', mjd='56411', fiber='0678')","Spectra(plate='0878', mjd='52353', fiber='0380')",6.47299,9.60951,6.206393,6.0861444
154,111343.96+184002.7,"Spectra(plate='5889', mjd='56038', fiber='0634')","Spectra(plate='5877', mjd='56041', fiber='0002')",7.7385807,9.268232,6.194058,6.5918574
155,112140.13+322346.6,"Spectra(plate='6438', mjd='56367', fiber='0808')","Spectra(plate='1979', mjd='53431', fiber='0425')",21.792892,22.992432,13.4044075,12.962326
156,112440.81+550233.6,"Spectra(plate='7093', mjd='56657', fiber='0178')","Spectra(plate='1014', mjd='52707', fiber='0347')",7.493266,6.5720162,2.4160357,2.4083123
157,113036.42+151253.1,"Spectra(plate='5373', mjd='56010', fiber='0740')","Spectra(plate='1754', mjd='53385', fiber='0466')",6.9864445,10.918657,7.6815877,8.114123
158,113120.04+505615.0,"Spectra(plate='8159', mjd='57064', fiber='0314')","Spectra(plate='7400', mjd='57134', fiber='0558')",12.996643,9.030863,1.3685012,1.419195
159,113330.18+144758.8,"Spectra(plate='5373', mjd='56010', fiber='0118')","Spectra(plate='1754', mjd='53385', fiber='0558')",10.8305025,12.36444,4.053276,4.154845
160,113546.78+082331.9,"Spectra(plate='5377', mjd='55957', fiber='0558')","Spectra(plate='1619', mjd='53084', fiber='0527')",11.78852,9.756491,5.859865,5.6764174
161,113722.84+544155.2,"Spectra(plate='8170', mjd='57131', fiber='0002')","Spectra(plate='6697', mjd='56419', fiber='0740')",8.571878,7.3604584,5.954294,5.617887
162,113840.02+122017.2,"Spectra(plate='5376', mjd='55987', fiber='0126')","Spectra(plate='5379', mjd='55986', fiber='0633')",5.716284,4.5457916,2.3128228,2.3170726
163,114316.98+132400.8,"Spectra(plate='5381', mjd='56009', fiber='0422')","Spectra(plate='1608', mjd='53138', fiber='0458')",6.3750973,6.2519712,6.2878227,6.192536
164,114422.17+601657.9,"Spectra(plate='7098', mjd='56661', fiber='0530')","Spectra(plate='2881', mjd='54502', fiber='0576')",6.248885,5.5349483,4.3785143,3.822815
165,114443.07+294409.1,"Spectra(plate='6406', mjd='56330', fiber='0706')","Spectra(plate='2222', mjd='53799', fiber='0226')",13.689156,12.7004385,7.3681436,7.3124537
166,114900.13+592225.0,"Spectra(plate='7098', mjd='56661', fiber='0468')","Spectra(plate='8238', mjd='58171', fiber='0921')",19.623943,21.214558,13.725846,13.562096
167,115003.06+664445.5,"Spectra(plate='7115', mjd='56667', fiber='0296')","Spectra(plate='0492', mjd='51955', fiber='0111')",11.587612,10.026278,6.964753,7.0382977
168,115930.28+662552.9,"Spectra(plate='6975', mjd='56720', fiber='0502')","Spectra(plate='7115', mjd='56667', fiber='0092')",5.5298753,7.571493,2.069568,2.0431886
169,120639.28+440332.9,"Spectra(plate='8372', mjd='57787', fiber='0696')","Spectra(plate='6638', mjd='56370', fiber='0728')",4.910437,4.2709146,1.9014988,1.8644353
170,120652.83+570601.8,"Spectra(plate='8233', mjd='57887', fiber='0391')","Spectra(plate='6838', mjd='56429', fiber='0693')",9.078518,7.752945,6.611998,6.523521
171,120945.71+601758.5,"Spectra(plate='6972', mjd='56426', fiber='0292')","Spectra(plate='0954', mjd='52405', fiber='0550')",5.0662403,7.1305275,3.5785422,3.758275
172,120945.71+601758.5,"Spectra(plate='6972', mjd='56426', fiber='0292')","Spectra(plate='0954', mjd='52405', fiber='0550')",5.0662403,4.070359,3.5785422,3.1478403
173,121125.48+151851.5,"Spectra(plate='5392', mjd='56010', fiber='0772')","Spectra(plate='1765', mjd='53466', fiber='0463')",15.872015,14.827447,13.451951,13.472405
174,121154.89+532135.9,"Spectra(plate='6688', mjd='56412', fiber='0164')","Spectra(plate='0883', mjd='52430', fiber='0447')",7.5807166,8.115055,8.1239605,8.19668
175,121221.14+202150.9,"Spectra(plate='5848', mjd='56029', fiber='0666')","Spectra(plate='2609', mjd='54476', fiber='0585')",7.921792,6.5199533,6.0148077,6.0158052
176,121222.49+264604.5,"Spectra(plate='5971', mjd='56064', fiber='0280')","Spectra(plate='2229', mjd='53823', fiber='0124')",5.1213565,6.7519627,3.1636198,3.3132343
177,121524.60+091804.8,"Spectra(plate='5396', mjd='55947', fiber='0440')","Spectra(plate='1230', mjd='52672', fiber='0226')",5.1296053,5.473962,3.6213694,3.5854187
178,121755.98+110550.1,"Spectra(plate='5399', mjd='55956', fiber='0498')","Spectra(plate='1230', mjd='52672', fiber='0447')",7.451108,7.634092,5.9904747,6.0330215
179,121757.65+273419.1,"Spectra(plate='5976', mjd='56356', fiber='0530')","Spectra(plate='2233', mjd='53845', fiber='0351')",7.3184366,5.9695196,5.7743444,5.7525887
180,121857.11+363938.7,"Spectra(plate='8866', mjd='57457', fiber='0578')","Spectra(plate='2003', mjd='53442', fiber='0385')",9.956039,10.916008,3.8169837,3.9162383
181,122046.80+441236.7,"Spectra(plate='6637', mjd='56370', fiber='0194')","Spectra(plate='8373', mjd='57785', fiber='0727')",2.9393806,2.230014,1.2204992,1.1154544
182,123133.00+063743.8,"Spectra(plate='5402', mjd='55927', fiber='0214')","Spectra(plate='1627', mjd='53473', fiber='0128')",5.7756643,7.3714657,3.5868096,3.551699
183,123429.99+501045.7,"Spectra(plate='6670', mjd='56389', fiber='0714')","Spectra(plate='1278', mjd='52735', fiber='0350')",7.4810543,9.861795,6.4022655,6.4107137
184,123457.60+551758.8,"Spectra(plate='6832', mjd='56426', fiber='0384')","Spectra(plate='8216', mjd='58172', fiber='0728')",13.970808,8.7412,3.479628,3.5563538
185,123717.43+470807.0,"Spectra(plate='6667', mjd='56412', fiber='0934')","Spectra(plate='1455', mjd='53089', fiber='0314')",7.561762,10.587283,5.6028748,5.487305
186,123717.43+470807.0,"Spectra(plate='6667', mjd='56412', fiber='0934')","Spectra(plate='1455', mjd='53089', fiber='0314')",7.561762,7.567422,5.840472,5.778815
187,124617.19+140403.0,"Spectra(plate='5410', mjd='56016', fiber='0740')","Spectra(plate='1770', mjd='53171', fiber='0296')",7.7960124,7.509256,7.585616,7.6015306
188,124723.71+231116.9,"Spectra(plate='5986', mjd='56328', fiber='0054')","Spectra(plate='2648', mjd='54485', fiber='0573')",3.7411356,4.0852327,2.066659,1.8822726
189,124754.78+492758.2,"Spectra(plate='6669', mjd='56413', fiber='0325')","Spectra(plate='7415', mjd='57097', fiber='0899')",5.6647296,4.9947524,5.21039,5.0553174
190,124845.63+520247.2,"Spectra(plate='6673', mjd='56419', fiber='0456')","Spectra(plate='0886', mjd='52381', fiber='0233')",8.192068,8.849848,6.9052367,7.255534
191,125121.39+301528.8,"Spectra(plate='6481', mjd='56363', fiber='0854')","Spectra(plate='2472', mjd='54175', fiber='0638')",4.291689,5.9346733,1.9563706,2.120504
192,125923.37+272720.9,"Spectra(plate='5972', mjd='56334', fiber='0758')","Spectra(plate='2241', mjd='54169', fiber='0112')",7.9255753,13.468901,7.671862,7.429548
193,130112.72+092926.9,"Spectra(plate='5415', mjd='55982', fiber='0052')","Spectra(plate='1793', mjd='53883', fiber='0196')",16.494938,13.82601,14.349953,14.231406
194,130204.52+585353.9,"Spectra(plate='8213', mjd='58193', fiber='0900')","Spectra(plate='8213', mjd='58487', fiber='0900')",8.611574,7.0959234,7.8604445,7.8450117
195,130236.17+095831.8,"Spectra(plate='5415', mjd='55982', fiber='0013')","Spectra(plate='1793', mjd='53883', fiber='0520')",22.895386,18.025394,13.867649,13.133849
196,130939.70+543424.9,"Spectra(plate='6760', mjd='56425', fiber='0276')","Spectra(plate='8218', mjd='57519', fiber='0920')",8.202931,7.7115693,1.1773403,1.1331093
197,131147.06+280415.7,"Spectra(plate='6486', mjd='56328', fiber='0414')","Spectra(plate='5994', mjd='56101', fiber='0909')",2.972012,3.3725057,1.2268844,1.2068436
198,131616.04+272300.5,"Spectra(plate='5997', mjd='56309', fiber='0648')","Spectra(plate='2243', mjd='53794', fiber='0492')",6.504216,6.608655,6.395226,6.454328
199,132031.46+264247.2,"Spectra(plate='5997', mjd='56309', fiber='0196')","Spectra(plate='2243', mjd='53794', fiber='0079')",6.4988194,9.077505,7.129881,7.1910067
200,132420.83+422554.6,"Spectra(plate='6622', mjd='56365', fiber='0620')","Spectra(plate='1462', mjd='53112', fiber='0532')",4.877712,6.1198106,3.2123682,3.204409
201,132433.98+273332.5,"Spectra(plate='6000', mjd='56102', fiber='0572')","Spectra(plate='5997', mjd='56309', fiber='0990')",7.4195337,5.7312098,0.89045715,0.9729691
202,132646.81+101742.4,"Spectra(plate='5430', mjd='56000', fiber='0780')","Spectra(plate='1800', mjd='53884', fiber='0450')",7.641477,9.6363125,2.7659166,3.0193677
203,133422.74+131831.0,"Spectra(plate='5432', mjd='56008', fiber='0966')","Spectra(plate='1775', mjd='53847', fiber='0094')",15.255142,16.533789,14.42691,14.203913
204,134027.41+660348.2,"Spectra(plate='6825', mjd='56717', fiber='0272')","Spectra(plate='0497', mjd='51989', fiber='0192')",7.756132,5.4782176,4.555409,4.797109
205,134133.71+414934.1,"Spectra(plate='6626', mjd='56330', fiber='0260')","Spectra(plate='1377', mjd='53050', fiber='0327')",10.320407,11.947245,7.903989,8.098064
206,134210.95+301521.4,"Spectra(plate='6496', mjd='56363', fiber='0164')","Spectra(plate='2094', mjd='53851', fiber='0491')",7.0656853,5.4053507,5.4972243,5.914923
207,134233.24+170247.0,"Spectra(plate='5439', mjd='56045', fiber='0850')","Spectra(plate='2607', mjd='54184', fiber='0586')",9.548035,13.19043,8.802957,9.121027
208,134345.51+121647.0,"Spectra(plate='5438', mjd='56002', fiber='0072')","Spectra(plate='1701', mjd='53142', fiber='0386')",12.568262,14.20093,11.3476305,11.7993965
209,135206.67+502218.9,"Spectra(plate='8209', mjd='57427', fiber='0121')","Spectra(plate='7430', mjd='57105', fiber='0955')",21.682165,20.161251,15.840988,16.177305
210,135224.06+352416.3,"Spectra(plate='8878', mjd='57785', fiber='0367')","Spectra(plate='2033', mjd='53476', fiber='0205')",8.8168125,6.8274765,7.878503,8.0266485
211,135320.06+584236.3,"Spectra(plate='8199', mjd='57428', fiber='0740')","Spectra(plate='1158', mjd='52668', fiber='0458')",2.4348948,3.778452,1.5399941,1.6242768
212,135326.24+393314.4,"Spectra(plate='6630', mjd='56358', fiber='0454')","Spectra(plate='4709', mjd='55720', fiber='0060')",8.123417,5.107439,6.7391076,6.100653
213,135514.70+480145.0,"Spectra(plate='6749', mjd='56370', fiber='0946')","Spectra(plate='1284', mjd='52736', fiber='0635')",4.4323316,7.267443,5.1773605,5.6059117
214,135649.07+441014.1,"Spectra(plate='6629', mjd='56365', fiber='0296')","Spectra(plate='1466', mjd='53083', fiber='0005')",10.2457695,8.779234,9.640022,9.391265
215,135910.77+400218.6,"Spectra(plate='6630', mjd='56358', fiber='0304')","Spectra(plate='1378', mjd='53061', fiber='0596')",8.032878,12.136328,7.3119507,7.0237865
216,140554.87+530323.5,"Spectra(plate='7339', mjd='56683', fiber='0520')","Spectra(plate='7339', mjd='57901', fiber='0520')",3.432001,4.9567795,2.1557918,2.166474
217,140554.87+530323.5,"Spectra(plate='7339', mjd='56683', fiber='0520')","Spectra(plate='7339', mjd='57901', fiber='0520')",3.432001,3.3718562,1.5621184,1.5715791
218,140554.87+530323.5,"Spectra(plate='7339', mjd='56683', fiber='0520')","Spectra(plate='7339', mjd='57901', fiber='0520')",3.432001,4.7746935,1.514379,1.773894
219,140554.87+530323.5,"Spectra(plate='7339', mjd='56683', fiber='0520')","Spectra(plate='7339', mjd='57901', fiber='0520')",3.432001,4.5017786,2.1557918,2.2521448
220,140554.87+530323.5,"Spectra(plate='7339', mjd='56683', fiber='0520')","Spectra(plate='7339', mjd='57901', fiber='0520')",3.432001,4.5979643,2.1557918,2.073334
221,140554.87+530323.5,"Spectra(plate='7339', mjd='56683', fiber='0520')","Spectra(plate='7339', mjd='57901', fiber='0520')",3.432001,3.6364973,1.3926286,1.4373484
222,140554.87+530323.5,"Spectra(plate='7339', mjd='56683', fiber='0520')","Spectra(plate='7339', mjd='57901', fiber='0520')",3.432001,4.3518887,2.0865755,2.0201945
223,140554.87+530323.5,"Spectra(plate='7339', mjd='56683', fiber='0520')","Spectra(plate='7339', mjd='57901', fiber='0520')",3.432001,4.351132,1.9936479,1.8718965
224,140554.87+530323.5,"Spectra(plate='7339', mjd='56683', fiber='0520')","Spectra(plate='7339', mjd='57901', fiber='0520')",3.432001,4.9439716,2.1557918,2.0836568
225,140554.87+530323.5,"Spectra(plate='7339', mjd='56683', fiber='0520')","Spectra(plate='7339', mjd='57901', fiber='0520')",3.432001,4.293288,1.514379,1.6266938
226,140554.87+530323.5,"Spectra(plate='7339', mjd='56683', fiber='0520')","Spectra(plate='7339', mjd='57901', fiber='0520')",3.432001,3.7325068,1.514379,1.5044503
227,140554.87+530323.5,"Spectra(plate='7339', mjd='56683', fiber='0520')","Spectra(plate='7339', mjd='57901', fiber='0520')",3.432001,4.0904875,1.514379,1.5702814
228,140554.87+530323.5,"Spectra(plate='7339', mjd='56683', fiber='0520')","Spectra(plate='7339', mjd='57901', fiber='0520')",3.432001,4.198196,1.3926286,1.3946434
229,140554.87+530323.5,"Spectra(plate='7339', mjd='56683', fiber='0520')","Spectra(plate='7339', mjd='57901', fiber='0520')",3.432001,4.945527,2.1557918,1.8737998
230,140554.87+530323.5,"Spectra(plate='7339', mjd='56683', fiber='0520')","Spectra(plate='7339', mjd='57901', fiber='0520')",3.432001,4.846838,2.0865755,2.2011395
231,140554.87+530323.5,"Spectra(plate='7339', mjd='56683', fiber='0520')","Spectra(plate='7339', mjd='57901', fiber='0520')",3.432001,4.0509553,2.0865755,2.056933
232,140554.87+530323.5,"Spectra(plate='7339', mjd='56683', fiber='0520')","Spectra(plate='7339', mjd='57901', fiber='0520')",3.432001,4.492604,1.6473463,1.6095095
233,140554.87+530323.5,"Spectra(plate='7339', mjd='56683', fiber='0520')","Spectra(plate='7339', mjd='57901', fiber='0520')",3.432001,5.397659,2.1557918,2.3274617
234,140554.87+530323.5,"Spectra(plate='7339', mjd='56683', fiber='0520')","Spectra(plate='7339', mjd='57901', fiber='0520')",3.432001,4.8702626,1.6473463,1.481048
235,140554.87+530323.5,"Spectra(plate='7339', mjd='56683', fiber='0520')","Spectra(plate='7339', mjd='57901', fiber='0520')",3.432001,4.903038,1.9936479,2.0560248
236,140554.87+530323.5,"Spectra(plate='7339', mjd='56683', fiber='0520')","Spectra(plate='7339', mjd='57901', fiber='0520')",3.432001,4.161525,1.9936479,1.9651778
237,140554.87+530323.5,"Spectra(plate='7339', mjd='56683', fiber='0520')","Spectra(plate='7339', mjd='57901', fiber='0520')",3.432001,5.1589823,2.1557918,2.0036752
238,140554.87+530323.5,"Spectra(plate='7339', mjd='56683', fiber='0520')","Spectra(plate='7339', mjd='57901', fiber='0520')",3.432001,4.2514863,2.1557918,2.3476336
239,140554.87+530323.5,"Spectra(plate='7339', mjd='56683', fiber='0520')","Spectra(plate='7339', mjd='57901', fiber='0520')",3.432001,4.1763043,1.514379,1.4860978
240,140554.87+530323.5,"Spectra(plate='7339', mjd='56683', fiber='0520')","Spectra(plate='7339', mjd='57901', fiber='0520')",3.432001,4.8092613,2.1557918,2.1442869
241,140554.87+530323.5,"Spectra(plate='7339', mjd='56683', fiber='0520')","Spectra(plate='7339', mjd='57901', fiber='0520')",3.432001,4.959055,2.1557918,2.4096937
242,140554.87+530323.5,"Spectra(plate='7339', mjd='56683', fiber='0520')","Spectra(plate='7339', mjd='57901', fiber='0520')",3.432001,4.082463,1.3744612,1.3875185
243,140554.87+530323.5,"Spectra(plate='7339', mjd='56683', fiber='0520')","Spectra(plate='7339', mjd='57901', fiber='0520')",3.432001,4.8671227,1.9936479,2.1299574
244,140554.87+530323.5,"Spectra(plate='7339', mjd='56683', fiber='0520')","Spectra(plate='7339', mjd='57901', fiber='0520')",3.432001,4.705499,2.0865755,2.2585206
245,140554.87+530323.5,"Spectra(plate='7339', mjd='56683', fiber='0520')","Spectra(plate='7339', mjd='57901', fiber='0520')",3.432001,4.7175813,2.1557918,2.206045
246,140554.87+530323.5,"Spectra(plate='7339', mjd='56683', fiber='0520')","Spectra(plate='7339', mjd='57901', fiber='0520')",3.432001,4.075276,1.9936479,1.9956317
247,140600.95+072518.4,"Spectra(plate='5452', mjd='55957', fiber='0402')","Spectra(plate='1824', mjd='53491', fiber='0403')",11.316146,9.857477,8.819999,8.721431
248,140832.92+204613.8,"Spectra(plate='5896', mjd='56047', fiber='0448')","Spectra(plate='2771', mjd='54527', fiber='0506')",5.1803484,7.0966644,2.2859955,2.2133307
249,141007.73+541203.4,"Spectra(plate='7339', mjd='56795', fiber='0583')","Spectra(plate='7340', mjd='57185', fiber='0581')",17.111023,16.710835,13.852476,13.867254
250,141007.73+541203.4,"Spectra(plate='7339', mjd='56795', fiber='0583')","Spectra(plate='7340', mjd='57185', fiber='0581')",17.111023,17.083101,15.426359,15.5808525
251,141007.73+541203.4,"Spectra(plate='7339', mjd='56795', fiber='0583')","Spectra(plate='7340', mjd='57185', fiber='0581')",17.111023,16.619074,15.426359,15.440957
252,141007.73+541203.4,"Spectra(plate='7339', mjd='56795', fiber='0583')","Spectra(plate='7340', mjd='57185', fiber='0581')",17.111023,15.768175,13.009282,13.028477
253,141007.73+541203.4,"Spectra(plate='7339', mjd='56795', fiber='0583')","Spectra(plate='7340', mjd='57185', fiber='0581')",17.111023,18.951937,15.426359,15.428457
254,141007.73+541203.4,"Spectra(plate='7339', mjd='56795', fiber='0583')","Spectra(plate='7340', mjd='57185', fiber='0581')",17.111023,16.278032,14.313696,14.358685
255,141007.73+541203.4,"Spectra(plate='7339', mjd='56795', fiber='0583')","Spectra(plate='7340', mjd='57185', fiber='0581')",17.111023,15.52331,13.128186,13.154079
256,141007.73+541203.4,"Spectra(plate='7339', mjd='56795', fiber='0583')","Spectra(plate='7340', mjd='57185', fiber='0581')",17.111023,15.644941,13.354942,13.527513
257,141007.73+541203.4,"Spectra(plate='7339', mjd='56795', fiber='0583')","Spectra(plate='7340', mjd='57185', fiber='0581')",17.111023,15.446633,13.354942,13.466146
258,141007.73+541203.4,"Spectra(plate='7339', mjd='56795', fiber='0583')","Spectra(plate='7340', mjd='57185', fiber='0581')",17.111023,15.851126,14.97746,14.932034
259,141007.73+541203.4,"Spectra(plate='7339', mjd='56795', fiber='0583')","Spectra(plate='7340', mjd='57185', fiber='0581')",17.111023,15.372984,13.354942,13.49381
260,141007.73+541203.4,"Spectra(plate='7339', mjd='56795', fiber='0583')","Spectra(plate='7340', mjd='57185', fiber='0581')",17.111023,15.647024,13.128186,13.26181
261,141007.73+541203.4,"Spectra(plate='7339', mjd='56795', fiber='0583')","Spectra(plate='7340', mjd='57185', fiber='0581')",17.111023,13.7127285,12.842907,12.790834
262,141007.73+541203.4,"Spectra(plate='7339', mjd='56795', fiber='0583')","Spectra(plate='7340', mjd='57185', fiber='0581')",17.111023,16.26704,13.354942,13.366463
263,141007.73+541203.4,"Spectra(plate='7339', mjd='56795', fiber='0583')","Spectra(plate='7340', mjd='57185', fiber='0581')",17.111023,14.213348,13.673199,13.322609
264,141007.73+541203.4,"Spectra(plate='7339', mjd='56795', fiber='0583')","Spectra(plate='7340', mjd='57185', fiber='0581')",17.111023,16.629082,14.313696,14.222239
265,141007.73+541203.4,"Spectra(plate='7339', mjd='56795', fiber='0583')","Spectra(plate='7340', mjd='57185', fiber='0581')",17.111023,14.868204,12.9074955,12.607369
266,141007.73+541203.4,"Spectra(plate='7339', mjd='56795', fiber='0583')","Spectra(plate='7340', mjd='57185', fiber='0581')",17.111023,15.156746,14.313696,14.269779
267,141020.78+531316.8,"Spectra(plate='7338', mjd='57135', fiber='0615')","Spectra(plate='7339', mjd='57435', fiber='0611')",8.59779,10.399949,9.274162,9.461412
268,141020.78+531316.8,"Spectra(plate='7338', mjd='57135', fiber='0615')","Spectra(plate='7339', mjd='57435', fiber='0611')",8.59779,10.233603,9.274162,9.4507265
269,141020.78+531316.8,"Spectra(plate='7338', mjd='57135', fiber='0615')","Spectra(plate='7339', mjd='57435', fiber='0611')",8.59779,10.181771,9.274162,9.351994
270,141020.78+531316.8,"Spectra(plate='7338', mjd='57135', fiber='0615')","Spectra(plate='7339', mjd='57435', fiber='0611')",8.59779,9.654495,8.583464,8.569101
271,141020.78+531316.8,"Spectra(plate='7338', mjd='57135', fiber='0615')","Spectra(plate='7339', mjd='57435', fiber='0611')",8.59779,9.666273,8.1577,8.131459
272,141020.78+531316.8,"Spectra(plate='7338', mjd='57135', fiber='0615')","Spectra(plate='7339', mjd='57435', fiber='0611')",8.59779,10.170025,8.583464,8.808901
273,141020.78+531316.8,"Spectra(plate='7338', mjd='57135', fiber='0615')","Spectra(plate='7339', mjd='57435', fiber='0611')",8.59779,9.779228,7.2436376,7.5866795
274,141020.78+531316.8,"Spectra(plate='7338', mjd='57135', fiber='0615')","Spectra(plate='7339', mjd='57435', fiber='0611')",8.59779,9.926754,7.569612,7.6822777
275,141020.78+531316.8,"Spectra(plate='7338', mjd='57135', fiber='0615')","Spectra(plate='7339', mjd='57435', fiber='0611')",8.59779,10.135249,8.150975,8.442921
276,141020.78+531316.8,"Spectra(plate='7338', mjd='57135', fiber='0615')","Spectra(plate='7339', mjd='57435', fiber='0611')",8.59779,10.247585,9.274162,9.144768
277,141020.78+531316.8,"Spectra(plate='7338', mjd='57135', fiber='0615')","Spectra(plate='7339', mjd='57435', fiber='0611')",8.59779,10.093897,9.274162,9.113025
278,141020.78+531316.8,"Spectra(plate='7338', mjd='57135', fiber='0615')","Spectra(plate='7339', mjd='57435', fiber='0611')",8.59779,10.367371,9.274162,9.372237
279,141020.78+531316.8,"Spectra(plate='7338', mjd='57135', fiber='0615')","Spectra(plate='7339', mjd='57435', fiber='0611')",8.59779,9.423014,9.274162,9.186416
280,141020.78+531316.8,"Spectra(plate='7338', mjd='57135', fiber='0615')","Spectra(plate='7339', mjd='57435', fiber='0611')",8.59779,9.879741,8.583464,8.867415
281,141020.78+531316.8,"Spectra(plate='7338', mjd='57135', fiber='0615')","Spectra(plate='7339', mjd='57435', fiber='0611')",8.59779,9.83338,8.583464,8.678695
282,141020.78+531316.8,"Spectra(plate='7338', mjd='57135', fiber='0615')","Spectra(plate='7339', mjd='57435', fiber='0611')",8.59779,10.159002,9.274162,9.364112
283,141020.78+531316.8,"Spectra(plate='7338', mjd='57135', fiber='0615')","Spectra(plate='7339', mjd='57435', fiber='0611')",8.59779,9.719827,8.150975,8.105805
284,141056.25+541608.5,"Spectra(plate='7339', mjd='56772', fiber='0586')","Spectra(plate='7340', mjd='56837', fiber='0623')",11.894777,11.530153,12.069999,11.83668
285,141056.25+541608.5,"Spectra(plate='7339', mjd='56772', fiber='0586')","Spectra(plate='7340', mjd='56837', fiber='0623')",11.894777,11.825825,11.145229,10.899646
286,141056.25+541608.5,"Spectra(plate='7339', mjd='56772', fiber='0586')","Spectra(plate='7340', mjd='56837', fiber='0623')",11.894777,12.044989,12.033788,11.9661
287,141056.25+541608.5,"Spectra(plate='7339', mjd='56772', fiber='0586')","Spectra(plate='7340', mjd='56837', fiber='0623')",11.894777,11.188074,11.839659,11.830975
288,141056.25+541608.5,"Spectra(plate='7339', mjd='56772', fiber='0586')","Spectra(plate='7340', mjd='56837', fiber='0623')",11.894777,10.669052,11.839659,11.472108
289,141321.05+092204.8,"Spectra(plate='5457', mjd='55976', fiber='0578')","Spectra(plate='1810', mjd='53794', fiber='0516')",20.963352,20.059244,15.136549,15.227611
290,141334.38+421201.7,"Spectra(plate='6059', mjd='56093', fiber='0438')","Spectra(plate='1347', mjd='52823', fiber='0539')",9.554791,5.6280313,1.41499,1.2689878
291,141415.41+163915.0,"Spectra(plate='5454', mjd='56015', fiber='0104')","Spectra(plate='2745', mjd='54231', fiber='0564')",10.958034,8.098117,7.1942434,6.6182065
292,141957.14+144951.0,"Spectra(plate='5461', mjd='56018', fiber='0470')","Spectra(plate='2746', mjd='54232', fiber='0184')",7.496805,10.532026,2.3673112,2.3728514
293,142248.67+520412.1,"Spectra(plate='7030', mjd='56448', fiber='0216')","Spectra(plate='1045', mjd='52725', fiber='0604')",12.619865,16.902582,4.953149,4.729636
294,142437.67+394535.5,"Spectra(plate='5170', mjd='56063', fiber='0154')","Spectra(plate='10752', mjd='58488', fiber='0740')",10.181123,6.4194126,0.54513156,0.39392748
295,142519.45+113925.6,"Spectra(plate='5460', mjd='56000', fiber='0866')","Spectra(plate='1707', mjd='53885', fiber='0589')",10.5916,14.682912,8.275103,8.575735
296,143244.94+525150.4,"Spectra(plate='6718', mjd='56398', fiber='0612')","Spectra(plate='1326', mjd='52764', fiber='0063')",8.5427,6.775074,2.649915,2.8833141
297,143244.94+525150.4,"Spectra(plate='6718', mjd='56398', fiber='0612')","Spectra(plate='1326', mjd='52764', fiber='0063')",8.5427,6.198905,2.7358313,2.5593
298,143820.44+082236.7,"Spectra(plate='5472', mjd='55976', fiber='0500')","Spectra(plate='1813', mjd='53903', fiber='0393')",5.712421,4.920597,4.9278345,5.1127954
299,143821.60+393407.2,"Spectra(plate='5171', mjd='56038', fiber='0070')","Spectra(plate='1349', mjd='52797', fiber='0022')",13.225567,7.9977674,10.974052,10.736899
300,143950.87+412205.4,"Spectra(plate='6061', mjd='56076', fiber='0298')","Spectra(plate='8497', mjd='58161', fiber='0372')",13.933801,13.429895,12.107733,12.282668
301,144639.40+573027.4,"Spectra(plate='8411', mjd='57875', fiber='0726')","Spectra(plate='6800', mjd='56399', fiber='0981')",3.8418243,3.3566756,3.818682,3.817002
302,144844.69+092834.2,"Spectra(plate='5476', mjd='55986', fiber='0599')","Spectra(plate='1713', mjd='53827', fiber='0211')",6.3617377,3.923333,3.657675,3.6674707
303,145229.08+093204.9,"Spectra(plate='5476', mjd='55986', fiber='0752')","Spectra(plate='1713', mjd='53827', fiber='0102')",15.963318,12.121216,5.6849627,5.6819777
304,145910.13+425213.2,"Spectra(plate='6053', mjd='56091', fiber='0956')","Spectra(plate='1290', mjd='52734', fiber='0557')",10.300875,14.44902,5.9059525,5.899089
305,150444.95+512640.3,"Spectra(plate='8397', mjd='57482', fiber='0623')","Spectra(plate='6720', mjd='56390', fiber='0302')",11.521481,8.632346,4.3332562,4.1524177
306,150757.14+155920.4,"Spectra(plate='5484', mjd='56039', fiber='0264')","Spectra(plate='2765', mjd='54535', fiber='0517')",7.399432,4.6565027,3.4299152,3.7086363
307,150803.52+081613.9,"Spectra(plate='5487', mjd='55982', fiber='0494')","Spectra(plate='1816', mjd='53919', fiber='0441')",4.1876583,8.63685,4.0087066,4.13876
308,151017.73+422112.3,"Spectra(plate='6054', mjd='56089', fiber='0957')","Spectra(plate='1291', mjd='52735', fiber='0618')",10.438777,16.86427,10.919688,10.58854
309,152222.52+373743.1,"Spectra(plate='4979', mjd='56045', fiber='0250')","Spectra(plate='1400', mjd='53470', fiber='0461')",7.529278,6.4190073,6.600003,6.1721573
310,152553.89+513649.1,"Spectra(plate='8395', mjd='57834', fiber='0838')","Spectra(plate='0795', mjd='52378', fiber='0245')",40.042892,42.757755,21.849178,21.692898
311,153045.75+383952.3,"Spectra(plate='10741', mjd='58230', fiber='0840')","Spectra(plate='1293', mjd='52765', fiber='0068')",27.812052,23.212605,6.9508076,7.490781
312,153336.02+571835.7,"Spectra(plate='6791', mjd='56429', fiber='0398')","Spectra(plate='0615', mjd='52347', fiber='0096')",15.255425,14.785545,13.131535,13.6578665
313,153715.74+582933.9,"Spectra(plate='6791', mjd='56429', fiber='0714')","Spectra(plate='8426', mjd='58224', fiber='0142')",26.427164,18.8467,4.6476607,4.476265
314,153715.74+582933.9,"Spectra(plate='6791', mjd='56429', fiber='0714')","Spectra(plate='8426', mjd='58224', fiber='0142')",26.427164,20.731182,4.3886905,4.6674004
315,153824.01+445311.5,"Spectra(plate='6032', mjd='56067', fiber='0444')","Spectra(plate='6041', mjd='56102', fiber='0874')",8.978646,6.5722475,6.493489,6.35513
316,154231.76+432251.7,"Spectra(plate='6042', mjd='56101', fiber='0466')","Spectra(plate='1052', mjd='52466', fiber='0631')",10.507729,8.096151,4.6568413,4.580191
317,154359.43+535903.1,"Spectra(plate='6708', mjd='56452', fiber='0138')","Spectra(plate='0616', mjd='52374', fiber='0097')",45.778885,38.950233,34.92599,34.0716
318,155135.78+464609.5,"Spectra(plate='8506', mjd='57893', fiber='0528')","Spectra(plate='1168', mjd='52731', fiber='0115')",12.248259,7.5873947,5.1915765,4.909101
319,160426.17+454416.8,"Spectra(plate='6323', mjd='56189', fiber='0404')","Spectra(plate='0813', mjd='52354', fiber='0206')",14.919059,12.119319,14.65115,14.508811
320,160649.24+451051.6,"Spectra(plate='8534', mjd='57905', fiber='0448')","Spectra(plate='0814', mjd='52443', fiber='0359')",12.50485,9.809864,7.1501384,7.133346
321,160649.24+451051.6,"Spectra(plate='8534', mjd='57905', fiber='0448')","Spectra(plate='0814', mjd='52443', fiber='0359')",12.50485,9.793447,8.034293,8.05685
322,161222.31+545222.0,"Spectra(plate='7565', mjd='56809', fiber='0200')","Spectra(plate='8065', mjd='58248', fiber='0644')",19.29301,11.888319,1.3514055,1.4524153
323,161518.59+380936.0,"Spectra(plate='5199', mjd='56067', fiber='0600')","Spectra(plate='1336', mjd='52759', fiber='0200')",13.657902,15.757816,12.249661,12.204196
324,161641.94+111216.6,"Spectra(plate='5203', mjd='56034', fiber='0034')","Spectra(plate='2528', mjd='54571', fiber='0116')",7.269452,6.343224,5.823662,5.8272157
325,162143.78+355534.0,"Spectra(plate='5191', mjd='56065', fiber='0677')","Spectra(plate='10731', mjd='58247', fiber='0404')",16.399977,19.509312,4.747134,4.881258
326,162559.89+485817.4,"Spectra(plate='8543', mjd='57542', fiber='0825')","Spectra(plate='0625', mjd='52145', fiber='0477')",16.988209,20.104963,12.608175,12.59777
327,162559.89+485817.4,"Spectra(plate='8543', mjd='57542', fiber='0825')","Spectra(plate='0625', mjd='52145', fiber='0477')",16.988209,28.017881,9.127488,7.6880655
328,163909.10+282447.1,"Spectra(plate='5201', mjd='55832', fiber='0162')","Spectra(plate='1686', mjd='53472', fiber='0190')",23.587452,20.687073,12.284183,12.288452
329,164120.32+443018.8,"Spectra(plate='6030', mjd='56097', fiber='0016')","Spectra(plate='0629', mjd='52051', fiber='0434')",10.589988,9.344133,10.325057,10.455008
330,164804.94+403750.6,"Spectra(plate='6037', mjd='56106', fiber='0284')","Spectra(plate='6037', mjd='56104', fiber='0288')",3.1295156,3.0047548,2.3100119,2.3540075
331,165351.66+411252.7,"Spectra(plate='6037', mjd='56104', fiber='0148')","Spectra(plate='6037', mjd='56106', fiber='0146')",4.174655,4.100369,5.19223,5.1848874
332,220446.87+194351.5,"Spectra(plate='5021', mjd='55863', fiber='0280')","Spectra(plate='7575', mjd='56947', fiber='0162')",8.103923,7.591065,3.337222,3.3389635
333,220924.09-015905.4,"Spectra(plate='4377', mjd='55828', fiber='0888')","Spectra(plate='9146', mjd='58042', fiber='0283')",12.127007,10.188754,10.2149,10.550795
334,221504.33+221519.8,"Spectra(plate='7579', mjd='56954', fiber='0928')","Spectra(plate='5950', mjd='56211', fiber='0362')",7.4166656,6.8728857,1.9305762,1.9422758
335,222016.21+183845.7,"Spectra(plate='7578', mjd='56956', fiber='0122')","Spectra(plate='5030', mjd='55830', fiber='0654')",11.758853,7.3189397,2.819555,2.5432692
336,223302.70+241642.4,"Spectra(plate='7653', mjd='57306', fiber='0538')","Spectra(plate='6300', mjd='56449', fiber='0092')",4.5487866,3.157104,2.2671592,1.979459
337,223442.52+291027.0,"Spectra(plate='7651', mjd='57654', fiber='0835')","Spectra(plate='6586', mjd='56485', fiber='0072')",12.262215,9.774787,7.4386625,7.462478
338,223442.52+291027.0,"Spectra(plate='7651', mjd='57654', fiber='0835')","Spectra(plate='6586', mjd='56485', fiber='0072')",12.262215,11.363653,8.8087,8.797897
339,223828.34+193320.1,"Spectra(plate='7581', mjd='57195', fiber='0911')","Spectra(plate='7581', mjd='56949', fiber='0907')",8.162641,6.6741405,3.2692618,3.2275977
340,224129.09+235636.8,"Spectra(plate='7653', mjd='57306', fiber='0072')","Spectra(plate='6298', mjd='56208', fiber='0043')",4.3046703,5.0423613,1.1046976,1.0996666
341,224251.27+270633.5,"Spectra(plate='7652', mjd='57579', fiber='0290')","Spectra(plate='6296', mjd='56219', fiber='0854')",12.954084,10.789824,5.500679,5.141744
342,224317.55+254456.8,"Spectra(plate='7657', mjd='57309', fiber='0555')","Spectra(plate='6290', mjd='56238', fiber='0552')",3.0078413,3.8792775,0.9095715,0.9083434
343,224517.98+193101.8,"Spectra(plate='5026', mjd='55855', fiber='0812')","Spectra(plate='7584', mjd='56957', fiber='0158')",3.2711625,3.0939512,1.9176568,1.7189742
344,225256.55+285453.9,"Spectra(plate='6294', mjd='56482', fiber='0971')","Spectra(plate='7768', mjd='58289', fiber='0317')",7.3491488,6.734562,5.8078,5.8476214
345,230159.90+312228.0,"Spectra(plate='6505', mjd='56560', fiber='0106')","Spectra(plate='7764', mjd='58042', fiber='0492')",4.5160627,6.0113854,3.8965602,4.0889044
346,231241.15+044634.8,"Spectra(plate='11302', mjd='58436', fiber='0026')","Spectra(plate='11296', mjd='58425', fiber='0783')",7.8239155,6.7107587,4.230309,4.269083
347,231314.73+271251.3,"Spectra(plate='7704', mjd='57572', fiber='0170')","Spectra(plate='6289', mjd='56559', fiber='0300')",2.9895735,3.135384,1.910798,1.9729007
348,233248.28+013339.5,"Spectra(plate='9201', mjd='57724', fiber='0637')","Spectra(plate='4282', mjd='55507', fiber='0378')",7.428931,8.852668,2.0077636,2.0609217
349,233248.28+013339.5,"Spectra(plate='9201', mjd='57724', fiber='0637')","Spectra(plate='4282', mjd='55507', fiber='0378')",7.428931,6.264985,2.4680095,2.4514046
