MJD,RUN2D,CATALOGID,SDSS_ID,Z
59192,v6_1_3,4382235955,70827301,2.162974784412331
59193,v6_1_3,4399272891,70345276,2.2359326752716986
59208,v6_1_3,4545193917,55762557,3.0012848894330144
59221,v6_1_3,4401489193,70172362,3.697169354132126
59222,v6_1_3,4544989510,74328568,2.3562687976188874
59226,v6_1_3,4545122230,74328899,2.10666436349993
59227,v6_1_3,4492079571,74319115,2.4258947372436523
59227,v6_1_3,4492079705,74319181,2.7914352259259494
59227,v6_1_3,4570532345,79984913,2.2146258131271144
59227,v6_1_3,4570534700,79985062,3.2941395551623653
59227,v6_1_3,4570538356,79985920,3.2040831987472416
59227,v6_1_3,4570954608,79981138,1.9469083664289326
59230,v6_1_3,4375962885,70084823,1.9630011244404084
59231,v6_1_3,4545152096,74333103,2.540474361930045
59231,v6_1_3,4545166551,74331069,2.528826063362811
59232,v6_1_3,4554484635,56414215,2.8759574667562644
59232,v6_1_3,4592645893,80006184,2.42817311430176
59232,v6_1_3,4592654591,79989665,2.9929974073276866
59232,v6_1_3,4592659804,80009785,2.365939766269211
59253,v6_1_3,4570367474,79999980,2.283086058501848
59253,v6_1_3,4592508328,80000117,2.142558326282275
59254,v6_1_3,4570368134,101618351,2.8195320036966423
59256,v6_1_3,4592534394,80003769,2.2548383201638806
59276,v6_1_3,4491894434,74341320,2.588732245313742
59279,v6_1_3,4544936070,74343738,2.935858726501465
59280,v6_1_3,4545040864,74371531,2.3414438099735007
59281,v6_1_3,4554388877,57554460,2.6683535154000837
59288,v6_1_3,4545077771,74370189,2.008309165087283
59291,v6_1_3,4545148430,74361860,2.555539131164551
59306,v6_1_3,4592579951,55781899,2.6032590520236143
59310,v6_1_3,4592657499,80008293,2.197039842605591
59312,v6_1_3,4360799186,58640627,2.8088949465928925
59312,v6_1_3,4360830522,58635004,2.1319399380400212
59314,v6_1_3,4592611576,79996548,2.6347581755134355
59315,v6_1_3,4592601445,55778115,2.55832273431821
59315,v6_1_3,4592687264,55780612,2.1916448036907554
59316,v6_1_3,4592667288,80010224,2.9481363599270134
59316,v6_1_3,4592682589,80016566,2.3759311780845844
59316,v6_1_3,4592692253,80016775,1.9166979789733887
59317,v6_1_3,4592979311,80041710,2.400523029124795
59318,v6_1_3,4570398377,79999097,2.1144776630179254
59318,v6_1_3,4570401106,79993750,2.8779037335559794
59324,v6_1_3,4589582826,78848572,2.052218885323101
59340,v6_1_3,4592937314,80039420,2.6821649074554443
59340,v6_1_3,4592942791,80024282,3.1614226407454975
59343,v6_1_3,4603626164,61551297,2.3021554064861642
59345,v6_1_3,4592703500,80045365,2.211660071347053
59346,v6_1_3,4359803495,57329291,2.287573616480991
59347,v6_1_3,4603653107,61554399,2.2618115645565644
59347,v6_1_3,4603782181,60245647,2.704629758751971
59347,v6_1_3,4603782182,60246004,2.080205352583289
59347,v6_1_3,4603788772,61552314,2.236044045326278
59347,v6_1_3,4603790146,61552891,2.25814271108696
59347,v6_1_3,4603790454,61552902,2.3585172788000963
59351,v6_1_3,4351553170,62054078,2.8619425229411486
59352,v6_1_3,4593055743,79951569,2.101623296737671
59352,v6_1_3,4593057247,79959365,2.805006852363157
59352,v6_1_3,4593060679,80028618,2.390510260610137
59352,v6_1_3,4593062445,79960204,2.0523088831770675
59352,v6_1_3,4593063235,79960276,3.044819558415483
59352,v6_1_3,4593080996,79957991,2.3798650468681655
59352,v6_1_3,4600459061,79072159,1.9614155549840322
59352,v6_1_3,6878947186,79959525,2.6082795762065634
59369,v6_1_3,4602953428,61531171,2.0015755377969473
59374,v6_1_3,5191883450,60770967,1.9080499097598702
59375,v6_1_3,4351932691,61912453,2.296043513931702
59375,v6_1_3,4352006667,61911779,3.0974907605821738
59375,v6_1_3,4603008471,61386039,2.910146058803956
59375,v6_1_3,4603049440,61391758,2.474287651838375
59375,v6_1_3,5189718924,60443278,2.245669938831322
59376,v6_1_3,4603859423,61556690,2.1111204280256732
59376,v6_1_3,4603870110,61557751,2.672092765782583
59381,v6_1_3,4349849827,62109506,2.408247062359749
59381,v6_1_3,4350968445,62238677,1.9006342475949158
59381,v6_1_3,4351093563,62238490,2.037304162979126
59381,v6_1_3,4351098365,61730086,2.079933981896921
59381,v6_1_3,4351341208,62106338,2.5195700464937345
59381,v6_1_3,6032770038,119207634,2.6965184211730957
59636,v6_1_3,27021598102752614,55767655,3.478725729275805
59644,v6_1_3,27021598104209553,55895022,2.619907043576703
59644,v6_1_3,27021598104225376,55940213,2.2965159179895505
59644,v6_1_3,27021598150295819,79963749,2.1335894149214365
59644,v6_1_3,27021598150303758,80032471,2.0446227799219074
59644,v6_1_3,27021598150309345,80151173,2.1484685545011604
59662,v6_1_3,27021598149828813,80009883,2.086400312130333
59665,v6_1_3,27021598150109552,80024735,1.950130642646649
59665,v6_1_3,27021598150171324,80043121,3.2803901236349384
59725,v6_1_3,27021597843330714,68999576,2.0365792827339866
59734,v6_1_3,27021598146880689,79031789,2.816774177321602
59878,v6_1_3,27021597973781179,75811312,3.0151352145629593
59878,v6_1_3,27021597973889884,75904870,2.5035150414694725
59878,v6_1_3,27021597973909778,75906388,2.1875067746557524
59879,v6_1_3,27021597957492072,70353461,2.160783534482387
59879,v6_1_3,27021598103252501,56230260,2.409201317420815
59879,v6_1_3,27021598103371317,56234586,1.9859588400819894
59884,v6_1_3,27021597970245926,76163991,3.233031966722364
59886,v6_1_3,27021597934777287,94933565,2.0018250932621
59888,v6_1_3,27021598103862901,56417135,2.234417594625375
59888,v6_1_3,27021598103923092,56352002,2.4416861969118875
59905,v6_1_3,27021598101428085,74552572,2.260633459164806
59907,v6_1_3,27021597933106642,70330371,2.6095643043518066
59907,v6_1_3,27021597933123633,70327604,2.8826035184041836
59910,v6_1_3,27021598149923117,55786362,3.250646574870376
59913,v6_1_3,27021598103995804,56409067,2.6348730668222275
59913,v6_1_3,27021598104024265,56408992,2.100955098460266
59913,v6_1_3,27021598149850890,80015267,3.0020146807246197
59936,v6_1_3,27021597933617390,70286271,2.1930989526265225
59937,v6_1_3,27021598101930027,75221291,2.332424108998778
59937,v6_1_3,27021598150142377,80040533,2.5943738119485826
59940,v6_1_3,27021597934481123,70062843,2.0129297304279
59940,v6_1_3,27021597934481228,70062833,2.568396084732679
59940,v6_1_3,27021597934481841,70060548,2.302461727709241
59940,v6_1_3,27021598101905778,75233015,1.9326254622063983
59940,v6_1_3,27021598102052673,75252195,2.4236152747888613
59987,v6_1_3,27021597904249339,61178967,3.43875567827767
59992,v6_1_3,27021598052225064,76013315,2.4668273732933184
59994,v6_1_3,27021598102224493,74580972,2.1188353920647462
59999,v6_1_3,27021598101465641,74432419,3.1658101003486605
60029,v6_1_3,27021598150353402,80054601,2.2582930061275777
60030,v6_1_3,27021598145884972,79225953,2.3056209380909296
60049,v6_1_3,27021598157370020,78981129,2.2125466487066836
60050,v6_1_3,27021598149503349,78973922,3.3695439606278237
60050,v6_1_3,27021598149547992,78965047,2.5964028481029096
60050,v6_1_3,27021598157382479,78984674,2.167188030193019
60051,v6_1_3,27021598150503663,80183260,2.3308342997091076
60051,v6_1_3,27021598150511443,80187259,2.1668805305110252
60051,v6_1_3,27021598150515903,80184512,3.606984703525587
60052,v6_1_3,27021598150221426,79958331,1.9212770574332727
60052,v6_1_3,27021598150225390,79960312,2.164415468241261
60056,v6_1_3,27021598146798087,78860385,2.312624573580874
60057,v6_1_3,27021598157827806,78970023,2.4577958609771775
60060,v6_1_3,27021598151539992,80198427,1.9250109179931028
60062,v6_1_3,27021597843823359,69031891,2.5473030425720875
60062,v6_1_3,27021598726459168,59423671,2.664741606527023
60065,v6_1_3,27021598154929041,57006914,2.0295554266604725
60073,v6_1_3,27021597910409781,62065838,3.4365178777350964
60076,v6_1_3,27021598160782400,60249655,3.6600857072205217
60089,v6_1_3,27021598149522326,78953124,2.164553705079955
60109,v6_1_3,27021597926478872,71062388,2.2753178185795937
60119,v6_1_3,27021598160566659,61554004,2.73205449949546
59199,v6_1_3,4555570886,56631191,2.3736378325873018
59231,v6_1_3,4545176534,55759190,2.862580728300752
59253,v6_1_3,4592509812,79999435,2.7869726551962732
59257,v6_1_3,4555548883,57838442,2.494754345684499
59279,v6_1_3,4544982829,74357651,2.5487854349942074
59291,v6_1_3,4545114064,55797139,2.5378495018206118
59291,v6_1_3,4545198736,55788568,2.978707168883506
59304,v6_1_3,4592563731,55772330,2.5292490615820227
59310,v6_1_3,4592668303,80008775,2.29508135496161
59317,v6_1_3,4592991926,80043875,3.1077771352690773
59318,v6_1_3,4570380920,79992677,2.071596708027803
59318,v6_1_3,4570388253,79990967,2.602770926515177
59318,v6_1_3,4592612385,79997523,1.9370577407499794
59343,v6_1_3,4603761999,60245319,2.231163506861918
59370,v6_1_3,4346106849,61099819,2.6572464000116023
59370,v6_1_3,4349130903,62263842,2.779291784970857
59375,v6_1_3,5189681431,60528613,2.9313183867869226
59381,v6_1_3,4351094244,62237969,2.1552599916094324
59636,v6_1_3,27021598149677774,55759621,3.2314065229174753
59647,v6_1_3,27021598146889486,79026103,2.270467532284333
59662,v6_1_3,27021598149835490,80009021,2.0985999365520214
59663,v6_1_3,27021598149689173,55760403,2.7419205133072424
59665,v6_1_3,27021598150149500,80027271,2.4917164058265704
59731,v6_1_3,27021598157842176,78963348,2.5453866223765846
59846,v6_1_3,27021597934582956,94886529,2.6770122426449325
59879,v6_1_3,27021598103254901,56230530,2.5838668014818627
59898,v6_1_3,27021597957480259,71368344,2.9040765748407997
59904,v6_1_3,27021598102818947,55794022,2.0499051992584283
59904,v6_1_3,27021598149746836,55784079,2.222355211830427
59906,v6_1_3,27021597970766394,76104744,2.810213088989258
59907,v6_1_3,27021597933123662,70327611,2.0824422689632662
59938,v6_1_3,27021598152816860,80656570,2.357778569270965
59994,v6_1_3,27021598053264167,75986963,2.4748194354774404
60018,v6_1_3,27021598150725763,55979160,2.214029063080918
60027,v6_1_3,27021598150347198,80053597,2.0840978961010825
60030,v6_1_3,27021598145889978,79226094,2.443560730988379
60049,v6_1_3,27021598149103392,78978800,2.7000850876562295
60052,v6_1_3,27021598150248240,79960390,2.2223663106071108
60052,v6_1_3,27021598157263556,79061313,2.8195408137213587
60061,v6_1_3,27021598157790239,78998178,2.0243380622638947
60071,v6_1_3,27021598160032302,60039256,3.636066890181265
60087,v6_1_3,27021598131901132,78687822,2.6343082474221067
59187,v6_1_3,4382190169,70840235,2.605299375219138
59193,v6_1_3,4399272889,70345273,2.770503116710652
59218,v6_1_3,4375029862,70281901,3.5853367149353765
59221,v6_1_3,4401486634,70164721,2.6888269312131494
59222,v6_1_3,4491938738,74327340,2.476491296178077
59227,v6_1_3,4492077053,74316424,2.301606655875484
59227,v6_1_3,4570534685,79985045,3.245309256959281
59231,v6_1_3,4545179601,55766762,1.972289814526532
59251,v6_1_3,4545171223,74324066,2.30717785620224
59251,v6_1_3,4554380685,57550810,3.384702125483696
59253,v6_1_3,4570357950,101612103,2.1197230406334437
59254,v6_1_3,4592502116,55758784,2.18541880781104
59256,v6_1_3,4592528128,55763364,2.4496848926805983
59256,v6_1_3,4592550442,55774759,3.2953600829414116
59278,v6_1_3,4554137313,57779969,1.9922006326535442
59278,v6_1_3,4555396540,57911870,2.05738620546974
59280,v6_1_3,4545076278,74369211,2.6796246690674623
59288,v6_1_3,4545089107,74370239,2.4557980713446335
59294,v6_1_3,4543044526,56381863,2.1051797961034104
59312,v6_1_3,4360799712,58640514,2.142510156012456
59315,v6_1_3,4592600269,55777994,2.4535096569642065
59317,v6_1_3,4592719429,80046137,2.466317458597609
59318,v6_1_3,4570396477,79999006,2.4974177724016258
59342,v6_1_3,4351044066,62245617,2.885118269214131
59343,v6_1_3,4346407017,61251896,1.917577789063233
59344,v6_1_3,4346406124,61251380,2.034517526626587
59345,v6_1_3,4592696913,80014160,2.090600086375675
59346,v6_1_3,4359641145,57339983,2.9324009656308996
59347,v6_1_3,4351695975,126021598,2.603702296933359
59347,v6_1_3,4603792017,60246603,2.415608009630241
59347,v6_1_3,4603863596,60249124,2.566819273823453
59347,v6_1_3,4603865172,61555855,2.2502781183769156
59352,v6_1_3,4593060184,79959658,2.735287618853649
59375,v6_1_3,4600807256,78996621,2.155010254025049
59375,v6_1_3,4600826374,59458987,2.0713355033667717
59375,v6_1_3,5189732386,60631886,2.347261167454725
59381,v6_1_3,4349287058,62547044,2.5098930710066853
59381,v6_1_3,4350968799,62238643,1.9074172924703796
59381,v6_1_3,4351336868,62109469,1.9226968830848983
59636,v6_1_3,27021598102747887,55761488,2.4741520440074933
59636,v6_1_3,27021598102751833,55767388,2.090056564068228
59641,v6_1_3,27021598151253813,80071267,2.077404499053955
59645,v6_1_3,27021598131884976,79742830,2.7550717071593347
59647,v6_1_3,27021598146870109,79024464,2.0950744053917085
59663,v6_1_3,27021598149728474,55765156,2.411038338923072
59664,v6_1_3,27021598102797414,55770147,2.2426546327994323
59676,v6_1_3,27021598131745097,79763815,1.9113547592928657
59731,v6_1_3,27021598157842437,78963715,2.167416151703776
59734,v6_1_3,27021598155864333,79033170,2.1675867543206366
59879,v6_1_3,27021597957492020,70353359,2.17197931839873
59883,v6_1_3,27021598104079315,56198874,2.778317944933899
59904,v6_1_3,27021598102806843,55771524,2.1637888585350114
59904,v6_1_3,27021598149891530,55804144,2.8689818820599213
59910,v6_1_3,27021598149922770,55785551,2.204368556152089
59940,v6_1_3,27021597934481635,70062425,1.9283594577223395
59953,v6_1_3,27021597913940744,58856071,2.2105594409008775
59976,v6_1_3,27021597917728702,58009943,3.2526527924693793
59999,v6_1_3,27021597973421134,75647925,2.477406412839889
60014,v6_1_3,27021598103009307,55872320,2.3320261608671045
60018,v6_1_3,27021598150722651,56089616,3.694539569323868
60052,v6_1_3,27021600049989020,121907048,2.561042714057329
60056,v6_1_3,27021598146793334,78857788,2.145636146984064
60062,v6_1_3,27021598726446681,59420958,2.0876646663179086
60088,v6_1_3,27021598149618953,78958776,2.1704983314525985
60088,v6_1_3,27021598728823170,59713268,2.9457483731834784
60118,v6_1_3,27021597909959875,62239901,1.949177404445798
60118,v6_1_3,27021597910082661,62238025,2.5936386634151334
60119,v6_1_3,27021598160770476,61556870,2.2174253845033705
