SPECTRA INDEX,SPECTRA FILE NAME,NORM SPECTRA FILE NAME,REDSHIFT,CALCULATED SNR
1,spec-allepoch-59193-4399288506.fits,spec-allepoch-59193-4399288506.fits,2.004056930541992,9.53742
2,spec-allepoch-59199-4555599936.fits,spec-allepoch-59199-4555599936.fits,2.1898163706903575,9.06714
3,spec-allepoch-59200-4492083906.fits,spec-allepoch-59200-4492083906.fits,2.5118963718414307,9.15409
4,spec-allepoch-59227-4545132757.fits,spec-allepoch-59227-4545132757.fits,2.089463286342761,9.66921
5,spec-allepoch-59227-4592647837.fits,spec-allepoch-59227-4592647837.fits,1.9171520502921786,9.13668
6,spec-allepoch-59253-4570371542.fits,spec-allepoch-59253-4570371542.fits,2.7524207008119013,9.30693
7,spec-allepoch-59276-4491870648.fits,spec-allepoch-59276-4491870648.fits,2.172566172247336,9.60156
8,spec-allepoch-59276-4491934837.fits,spec-allepoch-59276-4491934837.fits,2.310551727032996,9.1829
9,spec-allepoch-59292-4592538558.fits,spec-allepoch-59292-4592538558.fits,2.7930956111401697,9.48762
10,spec-allepoch-59304-4545240185.fits,spec-allepoch-59304-4545240185.fits,3.368819025088195,9.32369
11,spec-allepoch-59313-4592528790.fits,spec-allepoch-59313-4592528790.fits,2.593871370787142,9.39851
12,spec-allepoch-59315-4592600781.fits,spec-allepoch-59315-4592600781.fits,2.3816546164638885,9.38039
13,spec-allepoch-59337-4597889172.fits,spec-allepoch-59337-4597889172.fits,2.372034408134097,9.95799
14,spec-allepoch-59340-4592668358.fits,spec-allepoch-59340-4592668358.fits,2.68240710260089,9.9725
15,spec-allepoch-59343-4603782295.fits,spec-allepoch-59343-4603782295.fits,2.8472510813068843,9.41236
16,spec-allepoch-59381-6030602531.fits,spec-allepoch-59381-6030602531.fits,2.058942243307514,9.7588
17,spec-allepoch-59636-27021598102749143.fits,spec-allepoch-59636-27021598102749143.fits,2.5622767151210173,9.18125
18,spec-allepoch-59663-27021598149755602.fits,spec-allepoch-59663-27021598149755602.fits,2.8956889710572242,9.06536
19,spec-allepoch-59879-27021598053198699.fits,spec-allepoch-59879-27021598053198699.fits,2.3158680976195303,9.32786
20,spec-allepoch-59888-27021598104013115.fits,spec-allepoch-59888-27021598104013115.fits,2.0022845652659536,9.41585
21,spec-allepoch-59935-27021597918613886.fits,spec-allepoch-59935-27021597918613886.fits,2.7176310419989846,9.47019
22,spec-allepoch-59937-27021598101838821.fits,spec-allepoch-59937-27021598101838821.fits,1.9295874047564308,9.97058
23,spec-allepoch-59939-27021597973635113.fits,spec-allepoch-59939-27021597973635113.fits,1.9504667321656228,9.64275
24,spec-allepoch-60030-27021598145893772.fits,spec-allepoch-60030-27021598145893772.fits,2.613140696356761,9.71734
25,spec-allepoch-60076-27021598149514059.fits,spec-allepoch-60076-27021598149514059.fits,2.2559810123452193,9.49892
26,spec-allepoch-60119-27021598160703893.fits,spec-allepoch-60119-27021598160703893.fits,1.9931280612945557,9.19537
27,spec-allepoch-59202-4545019543.fits,spec-allepoch-59202-4545019543.fits,2.492575732643273,9.83148
28,spec-allepoch-59227-4492063198.fits,spec-allepoch-59227-4492063198.fits,3.267263640712047,9.28017
29,spec-allepoch-59227-4570537835.fits,spec-allepoch-59227-4570537835.fits,2.10026819597784,9.55481
30,spec-allepoch-59230-4554513354.fits,spec-allepoch-59230-4554513354.fits,2.0253127686590306,9.98662
31,spec-allepoch-59254-4570396699.fits,spec-allepoch-59254-4570396699.fits,2.5149348018439044,9.7968
32,spec-allepoch-59310-4592651341.fits,spec-allepoch-59310-4592651341.fits,2.6688232871605035,9.54817
33,spec-allepoch-59312-4360792822.fits,spec-allepoch-59312-4360792822.fits,2.419862325147509,9.30367
34,spec-allepoch-59314-4570495665.fits,spec-allepoch-59314-4570495665.fits,2.2687677114269857,9.2274
35,spec-allepoch-59316-4592699237.fits,spec-allepoch-59316-4592699237.fits,3.1322195586177006,9.55853
36,spec-allepoch-59340-4592933781.fits,spec-allepoch-59340-4592933781.fits,3.123828892539451,9.62379
37,spec-allepoch-59375-4368365860.fits,spec-allepoch-59375-4368365860.fits,3.178696696473817,9.47116
38,spec-allepoch-59664-27021598102754588.fits,spec-allepoch-59664-27021598102754588.fits,3.0455521342779557,9.95988
39,spec-allepoch-59731-27021598157856620.fits,spec-allepoch-59731-27021598157856620.fits,2.2205411482597537,9.11853
40,spec-allepoch-59734-27021598155865359.fits,spec-allepoch-59734-27021598155865359.fits,1.9657321446471294,9.48768
41,spec-allepoch-60049-27021598157342684.fits,spec-allepoch-60049-27021598157342684.fits,2.70112527264489,9.20967
42,spec-allepoch-60089-27021598157398162.fits,spec-allepoch-60089-27021598157398162.fits,2.345030183293705,9.86247
43,spec-allepoch-59200-4382188039.fits,spec-allepoch-59200-4382188039.fits,2.095694236672108,9.76206
44,spec-allepoch-59375-4352008193.fits,spec-allepoch-59375-4352008193.fits,2.567745316841415,9.14035
45,spec-allepoch-59664-27021598102804413.fits,spec-allepoch-59664-27021598102804413.fits,2.0368930924812796,9.02632
46,spec-allepoch-59910-27021598048582114.fits,spec-allepoch-59910-27021598048582114.fits,3.4694130431457193,9.65133
47,spec-allepoch-59913-27021598149860476.fits,spec-allepoch-59913-27021598149860476.fits,3.3752945672481385,9.53462
48,spec-allepoch-59937-27021598149875786.fits,spec-allepoch-59937-27021598149875786.fits,2.243368775563521,9.34425
49,spec-allepoch-59977-27021598151971696.fits,spec-allepoch-59977-27021598151971696.fits,2.5675456523895264,9.29467
50,spec-allepoch-59999-27021597974202360.fits,spec-allepoch-59999-27021597974202360.fits,3.4679674600587482,9.09725
51,spec-allepoch-60033-27021597920590181.fits,spec-allepoch-60033-27021597920590181.fits,2.167981176856948,9.1934
