NORM SPECTRA FILE NAME,BI TOTAL,BI INDIVIDUAL,VMINS,VMAXS,EW INDIVIDUAL,MAX DEPTH,AVERAGE DEPTH,VCENTRAL
spec-1589-52972-0430norm.dr16,0.0,[],[],[],[],[],[],[]
spec-10431-58137-0135norm.dr16,196.97,"[149.42, 31.0, 2.22, 14.33]",[-37190.96072 -42818.29739 -45721.71    -56244.82753],[-40381.02541 -44574.85895 -46261.04939 -56976.91903],"[448.7, 163.28, 52.78, 64.62]","[0.25, 0.27, 0.26, 0.25]","[0.1406505897395477, 0.09294197177849745, 0.09794938375706058, 0.08811964950975369]",[-38674.01920246 -43625.22769358 -46016.14607947 -56658.56330042]
spec-5187-56074-0092norm.dr16,805.44,"[803.8, 1.63]",[-36295.95398 -46519.47824],[-45508.38933 -47058.18675],"[1669.94, 60.39]","[0.26, 0.13]","[0.18122457495824115, 0.11208021196998208]",[-40616.76216113 -46793.51685808]
spec-10720-58250-0895norm.dr16,1026.07,"[984.77, 41.29]",[-35615.60619 -53297.87925],[-43145.18427 -54633.7822 ],"[1665.12, 195.73]","[0.36, 0.22]","[0.22113540307667026, 0.14653091446297242]",[-39333.31369793 -53942.84726908]
spec-2745-54231-0564norm.dr16,962.81,"[37.74, 31.05, 1.49, 21.63, 360.97, 86.87, 19.39, 156.79, 3.92, 18.37, 61.57]","[-31495.4861  -34223.43204 -35517.19944 -37965.03875 -39254.83091
 -44061.05718 -45815.64073 -48978.87661 -52933.83258 -53936.4985
 -55004.54406 -56070.94792]","[-32109.77415 -34768.29455 -36061.66585 -38983.35885 -41965.25794
 -45006.16687 -46354.78061 -50522.87236 -53468.75449 -54470.58322
 -55737.82138]","[217.01, 67.01, 44.78, 173.4, 597.13, 239.6, 71.21, 311.45, 52.88, 85.76, 222.58]","[0.58, 0.51, 0.19, 0.65, 0.81, 0.56, 0.36, 0.59, 0.51, 0.52, 0.89]","[0.35327524592677395, 0.12291420371407354, 0.08228637448763487, 0.17020362575067394, 0.22025676124384477, 0.2535497565404401, 0.1321521452796116, 0.20162759418940307, 0.09895640574623553, 0.16054500887740752, 0.3034209541733503]","[-31875.78468782 -34623.15547375 -35804.5516629  -38389.9629056
 -40396.98508126 -44541.72483283 -46148.80675945 -49661.42326196
 -53219.1091861  -54356.23671213 -55350.11603948]"
spec-5454-56015-0104norm.dr16,495.34,"[483.35, 11.99]",[-38032.85982 -48710.08028],[-41355.96903 -49516.15349],"[765.15, 82.77]","[0.45, 0.21]","[0.23022706454648723, 0.1026800098857323]",[-39592.20684159 -49196.48061283]
spec-5778-56328-0973norm.dr16,298.64,"[97.1, 9.95, 191.6]",[-38066.41777 -41186.30156 -45781.55356],[-40779.92626 -41795.68768 -49213.53761],"[316.72, 81.29, 507.54]","[0.25, 0.18, 0.27]","[0.11673685072179685, 0.13343190579645003, 0.14789288967289949]",[-39582.77738566 -41505.07583117 -47507.00193233]
spec-9602-58131-0454norm.dr16,91.89,"[9.67, 82.22]",[-40712.14046 -47128.94629],[-41524.87328 -48944.96733],"[67.03, 262.87]","[0.21, 0.31]","[0.0824485468243496, 0.14475532806882643]",[-41075.02506098 -48031.77248431]
spec-1374-53083-0381norm.dr16,0,[],[],[],[],[],[],[]
spec-6621-56366-0502norm.dr16,164.91,[164.91],[-34775.08032],[-38311.36582],[495.76],[0.26],[0.14020938307821812],[-36599.59561533]
spec-1793-53883-0520norm.dr16,3465.56,"[3454.02, 11.53]",[-32336.97213 -56559.23614],[-43880.78458 -57091.55048],"[4267.1, 55.78]","[0.65, 0.26]","[0.36950915220070363, 0.10486499740661698]",[-37714.25136072 -56938.31578177]
spec-5415-55982-0013norm.dr16,2189.71,[2189.71],[-32609.89484],[-41513.78659],[2848.66],[0.58],[0.31984465543091256],[-36753.80670693]
spec-1229-52723-0245norm.dr16,206.4,[206.4],[-52752.15633],[-53688.16446],[392.67],[0.7],[0.419602470738574],[-53295.69170326]
spec-5391-56000-0254norm.dr16,434.81,"[211.52, 223.29]",[-32470.21563 -52752.15633],[-38052.13114 -53755.07053],"[712.29, 441.58]","[0.23, 0.72]","[0.1276282632024296, 0.4404337491086127]",[-35447.84425556 -53292.02184585]
spec-5807-56329-0778norm.dr16,96.08,[96.08],[-40967.14476],[-43402.88252],[335.36],[0.17],[0.13768148535733732],[-42238.54223712]
spec-10429-58145-0655norm.dr16,432.78,"[71.19, 361.58]",[-36487.16699 -38254.0523 ],[-37778.6078  -43470.58505],"[212.2, 848.04]","[0.23, 0.26]","[0.16431230058545312, 0.16260187576331225]",[-37200.34187984 -41053.597781  ]
spec-11377-58434-0650norm.dr16,697.82,[697.82],[-36487.16699],[-43470.58505],[1345.45],[0.28],[0.19268297620673888],[-40027.45199558]
spec-6442-56369-0246norm.dr16,740.18,[740.18],[-35323.72578],[-41840.68523],[1313.24],[0.41],[0.20152386659983682],[-38592.82690212]
spec-10479-58159-0770norm.dr16,1688.76,"[1648.86, 31.29, 8.61]",[-34710.93222 -54748.0806  -57878.03825],[-43396.24587 -56081.57481 -58409.44496],"[2361.6, 154.89, 74.88]","[0.47, 0.26, 0.31]","[0.271894147581376, 0.11621282396659054, 0.1409622571088221]",[-38994.40774266 -55490.46647659 -58222.53482155]
spec-1732-53501-0445norm.dr16,53.86,"[4.39, 31.71, 4.36, 7.78, 5.62]",[-38527.66254 -39884.55987 -41443.05024 -44350.60216 -54956.85663],[-39409.78814 -40697.9691  -42255.28114 -45295.42251 -55556.88781],"[100.7, 108.44, 48.63, 71.09, 77.93]","[0.21, 0.21, 0.14, 0.16, 0.28]","[0.11413384933662751, 0.1333421230347673, 0.059907418147126586, 0.07526140316330197, 0.1299021390696014]","[-38922.8447223  -40375.06160538 -41894.89540227 -44844.50695149
 -55348.95816733]"
spec-5212-56016-0348norm.dr16,430.52,[430.52],[-36149.16344],[-38934.88925],[675.4],[0.36],[0.24246909304915082],[-37639.54401325]
spec-6674-56416-0693norm.dr16,1830.81,"[484.78, 338.18, 910.42, 97.42]",[-39356.64632 -42743.49316 -45444.91162 -55771.29273],[-42269.99845 -45175.03114 -50757.69208 -58299.39592],"[818.91, 539.86, 1336.57, 271.04]","[0.52, 0.51, 0.68, 0.39]","[0.2811341313410577, 0.22206155978178688, 0.25162878934520816, 0.10718260410723103]",[-40958.77204906 -44095.09861215 -48311.62164489 -56944.6073604 ]
spec-8221-58198-0399norm.dr16,1114.87,"[230.9, 351.39, 213.68, 255.08, 52.58, 8.03, 3.22]","[-39085.22966 -40712.68344 -43622.12603 -45714.68498 -49952.72408
 -56570.56541 -58033.77782]","[-40306.04939 -42675.74797 -45175.03114 -49079.74756 -50757.69208
 -57103.0285  -58565.09139]","[382.3, 537.22, 456.49, 504.32, 138.52, 79.1, 67.98]","[0.58, 0.55, 0.61, 0.46, 0.29, 0.31, 0.27]","[0.3132039121202421, 0.27363299484692766, 0.2939817943614068, 0.14995106417238516, 0.17210247390722846, 0.14853177918783683, 0.12797065983549108]","[-39776.92920294 -41687.65876131 -44370.87904049 -47597.43880742
 -50451.09653558 -56796.11194124 -58261.75231495]"
spec-6045-56072-0455norm.dr16,431.09,"[210.21, 220.88]",[-45117.138   -48417.21881],[-48081.01542 -49693.64808],"[509.34, 351.05]","[0.31, 0.52]","[0.1718210173281814, 0.2751114650010455]",[-46459.7375848  -49198.15233434]
spec-10730-58244-0836norm.dr16,555.76,[555.76],[-45724.12253],[-49693.64808],[895.0],[0.68],[0.22560351168065484],[-48166.4291183]
spec-0885-52379-0063norm.dr16,9.75,"[8.83, 0.92]",[-39407.80844 -54287.39164],[-40018.24401 -54821.30267],"[47.23, 44.41]","[0.17, 0.15]","[0.07740594172173, 0.08311491912979407]",[-39758.66640672 -54460.47167194]
spec-6674-56416-0964norm.dr16,407.75,"[400.33, 7.42]",[-35738.83258 -48323.92716],[-40357.11623 -49331.8455 ],"[804.23, 122.99]","[0.32, 0.24]","[0.1741285247307779, 0.1219911516532692]",[-38036.4522223  -48662.02812857]
spec-1272-52989-0064norm.dr16,222.53,"[40.59, 101.11, 33.49, 0.68, 46.66]",[-38023.84742 -39652.71885 -47759.71958 -53125.54012 -55128.89815],[-39313.56711 -41956.29675 -48835.55853 -53660.3242  -56927.6499 ],"[152.88, 303.3, 103.38, 49.57, 174.37]","[0.23, 0.41, 0.3, 0.25, 0.28]","[0.11855443991078833, 0.13164669589504957, 0.0960793540656851, 0.09276027064532369, 0.09692680308514444]","[-38580.13739617 -40680.4145638  -48324.94179987 -53426.34619252
 -56034.73435791]"
spec-5809-56353-0704norm.dr16,230.02,"[228.01, 2.01]",[-37955.85297 -55395.6893 ],[-40872.89519 -56128.76532],"[498.25, 57.14]","[0.35, 0.14]","[0.1708100616020269, 0.07793470732155722]",[-39372.97345748 -55799.91166706]
spec-0628-52083-0304norm.dr16,29.65,"[5.19, 24.46]",[-37165.73583 -55087.04088],[-37709.44252 -56486.46969],"[66.33, 121.74]","[0.3, 0.2]","[0.12204602925973017, 0.0869918309061856]",[-37434.84318452 -55825.16220602]
spec-6036-56093-0310norm.dr16,605.28,"[602.32, 0.9, 2.07]",[-37845.32347 -55420.46789 -56819.27226],[-42590.35772 -56086.82222 -57550.96389],"[1028.36, 59.88, 54.74]","[0.43, 0.15, 0.13]","[0.21676102975227377, 0.08983063598287219, 0.07479392480151602]",[-40383.12573984 -55702.56656176 -57256.3914016 ]
spec-8524-57656-0969norm.dr16,367.56,"[310.58, 56.98]",[-36825.8292  -47582.86831],[-41304.49228 -48591.61027],"[717.67, 147.27]","[0.28, 0.26]","[0.16024365203720517, 0.1460187125750936]",[-39003.46581371 -48179.71576444]
spec-6305-56563-0032norm.dr16,707.35,"[27.67, 646.84, 12.06, 20.77]",[-33752.77221 -45147.53897 -56143.80969 -57674.29828],[-34774.72907 -50462.0435  -56809.72867 -58538.07208],"[247.13, 1083.94, 85.3, 98.38]","[0.5, 0.47, 0.24, 0.22]","[0.24182062950410155, 0.20401809756340772, 0.12816649943381267, 0.1139509923925763]",[-34181.85138414 -47990.81978609 -56544.18485567 -58116.03960391]
spec-7667-57580-0430norm.dr16,268.59,"[2.06, 266.06, 0.46]",[-33752.77221 -46428.47809 -57208.86605],[-34297.96749 -50193.72642 -57807.25663],"[153.79, 619.33, 50.12]","[0.46, 0.31, 0.16]","[0.2821415030188387, 0.16447402752346993, 0.08381133297200624]",[-34034.72123523 -48273.20160864 -57548.59584525]
spec-4419-55867-0178norm.dr16,861.61,"[74.2, 533.6, 12.54, 5.0, 236.28]",[-33446.03723 -35693.79739 -40041.05368 -47270.23717 -55177.42709],[-34195.74097 -39634.32016 -40718.95187 -47808.70574 -56576.71555],"[182.39, 897.49, 86.32, 60.67, 352.19]","[0.48, 0.4, 0.2, 0.17, 0.49]","[0.24331074579786147, 0.2277581025056656, 0.1274268130464699, 0.11268990068214665, 0.25176218673201683]","[-33918.79660292 -37642.26999336 -40404.24646315 -47596.13995206
 -56076.89337357]"
spec-9446-58082-0782norm.dr16,202.92,"[52.47, 26.16, 123.47, 0.82]",[-44978.90792 -46260.05009 -55710.90846 -57042.5395 ],[-45788.24557 -47674.07449 -56576.71555 -57574.67193],"[112.35, 206.56, 256.64, 46.39]","[0.38, 0.48, 0.47, 0.13]","[0.13886785940689428, 0.14606228933384505, 0.29638367348496114, 0.0872170692354708]",[-45531.34885629 -46898.62436554 -56217.06627188 -57367.06704111]
spec-0790-52441-0583norm.dr16,315.69,"[267.3, 27.87, 1.21, 19.3]",[-45319.37071 -50900.96687 -52642.2002  -55180.58501],[-48820.32218 -51638.10665 -53177.33179 -55980.43113],"[537.63, 89.73, 35.45, 77.95]","[0.7, 0.29, 0.24, 0.19]","[0.1536425264245686, 0.12178634276383603, 0.06623827843127808, 0.09747891808169525]",[-47068.63444907 -51361.49591456 -52891.35825443 -55638.61401927]
spec-6806-56419-0302norm.dr16,959.56,[959.56],[-42685.14473],[-50431.58359],[1581.81],[0.52],[0.20426489932230782],[-46880.14617629]
spec-6786-56448-0829norm.dr16,483.11,[483.11],[-34924.88545],[-38596.49498],[786.14],[0.58],[0.2141082298015718],[-36618.23806289]
spec-6976-56448-0440norm.dr16,407.77,[407.77],[-34993.046],[-38392.71574],[693.3],[0.53],[0.203918285449119],[-36609.44940311]
spec-6138-56236-0746norm.dr16,329.73,"[7.19, 69.34, 96.8, 156.39]",[-38858.94271 -41096.3699  -45961.56478 -55615.59928],[-39401.64984 -41976.59222 -48048.85299 -56481.55593],"[41.13, 207.17, 259.77, 300.32]","[0.2, 0.37, 0.5, 0.68]","[0.07574764655290213, 0.23535620148925898, 0.12446320501421303, 0.346865690052834]",[-39086.79580673 -41512.02189007 -46995.17355327 -56154.36152886]
spec-6138-56598-0754norm.dr16,443.06,"[171.32, 39.16, 232.58]",[-39673.02417 -45961.56478 -55415.6669 ],[-41908.81026 -46635.40151 -56481.55593],"[402.82, 125.87, 400.08]","[0.5, 0.37, 0.75]","[0.1801830054217949, 0.1867504355238622, 0.3753704802718701]",[-40878.29100153 -46332.82839221 -56072.73923158]
spec-5745-55998-0657norm.dr16,371.84,"[51.4, 320.44]",[-32859.98113 -34768.20243],[-34495.84697 -39118.95992],"[196.23, 722.06]","[0.26, 0.36]","[0.11997470101064554, 0.1659725201770635]",[-33720.30582077 -37068.86083924]
spec-5745-56050-0657norm.dr16,727.61,"[7.46, 124.2, 34.58, 471.21, 5.29, 84.88]","[-31085.6576  -32859.98113 -35176.78722 -36401.65448 -42303.47102
 -44871.07527]","[-31836.66182 -34700.12643 -36061.38481 -40814.12076 -42912.25803
 -46422.01142]","[62.96, 287.95, 117.32, 833.04, 53.15, 198.68]","[0.2, 0.52, 0.32, 0.56, 0.18, 0.44]","[0.08385072312600014, 0.1564957821735447, 0.1326081215342218, 0.1887793041892857, 0.08733949777238362, 0.12807472849786775]","[-31352.91835729 -33863.52685333 -35651.15443883 -38343.79039112
 -42631.4569495  -45785.52578898]"
spec-6460-56334-0396norm.dr16,485.2,"[146.89, 336.77, 1.53]",[-32382.44807 -34972.56457 -45478.30539],[-34631.93872 -39661.61764 -46017.73502],"[346.42, 762.01, 40.49]","[0.27, 0.4, 0.2]","[0.1540218162688659, 0.16249898627882128, 0.07506502502153921]",[-33723.33244915 -37214.1533595  -45759.7416722 ]
spec-1933-53381-0566norm.dr16,464.72,"[437.5, 27.22]",[-38818.07864 -43356.10018],[-43018.15562 -44504.4073 ],"[801.28, 127.29]","[0.32, 0.26]","[0.1908143532342788, 0.11086191564882054]",[-41072.37798618 -43969.61970169]
spec-5179-55957-0836norm.dr16,108.92,"[106.4, 2.51]",[-45786.19964 -56974.07846],[-48277.43352 -57506.27373],"[350.18, 51.16]","[0.22, 0.13]","[0.1405665425427618, 0.09619834075588637]",[-46986.91487986 -57284.30239805]
spec-9609-58136-0331norm.dr16,459.84,[459.84],[-37799.59271],[-42341.71906],[898.61],[0.35],[0.19787525780649445],[-40189.30021177]
spec-1521-52945-0532norm.dr16,5306.14,"[4337.35, 968.79]",[-29961.89382 -54306.94165],[-45987.40244 -60027.4512 ],"[5630.12, 1439.25]","[0.62, 0.41]","[0.3511057239535129, 0.2516413214226954]",[-37253.8867554  -57270.20475745]
spec-5143-55828-0900norm.dr16,3028.68,"[2682.79, 345.89]",[-29961.83413 -54907.63109],[-44908.33809 -59364.54174],"[4006.71, 750.27]","[0.48, 0.23]","[0.26798557069259954, 0.16838619170891164]",[-37061.24573361 -57269.17695655]
spec-5144-55829-0475norm.dr16,2273.21,"[2167.46, 105.75]",[-29961.89382 -56040.90149],[-43625.39701 -58833.69925],"[3403.25, 390.95]","[0.43, 0.22]","[0.24903329829289028, 0.13998334792396602]",[-36556.2641749  -57388.43890484]
spec-9162-58040-0112norm.dr16,2548.74,"[2494.65, 54.09]",[-29961.89382 -55907.80092],[-43355.02507 -58103.38631],"[3689.67, 268.42]","[0.46, 0.18]","[0.2754251678692697, 0.12226951853024737]",[-36364.15868804 -57125.17658865]
spec-9227-57932-0572norm.dr16,2908.94,"[2753.34, 140.96, 14.63]",[-29961.89382 -55707.74535 -59099.17449],[-43828.02909 -58634.56232 -59762.42082],"[3968.02, 431.98, 90.79]","[0.46, 0.22, 0.18]","[0.28605016019554635, 0.14761420920652657, 0.13692593031516515]",[-36379.97958351 -57272.68675992 -59449.13314291]
spec-4354-55810-0356norm.dr16,3.37,[3.37],[-53587.9674],[-54255.91158],[90.36],[0.35],[0.1353066508757307],[-53869.07405142]
spec-9345-57713-0464norm.dr16,281.11,"[184.62, 5.42, 91.07]",[-41747.61577 -46138.02227 -52317.34618],[-44721.72271 -46677.11056 -54189.16625],"[485.36, 83.48, 242.15]","[0.25, 0.4, 0.38]","[0.16320914612635015, 0.15491540773194196, 0.12941709413139715]",[-43263.78615868 -46537.11331229 -53380.94792983]
spec-2884-54526-0579norm.dr16,79.5,"[58.1, 21.4]",[-45423.52111 -49662.90395],[-46165.1853  -50266.96916],"[135.49, 121.96]","[0.39, 0.58]","[0.1826922520393123, 0.20194702965662126]",[-45867.82913365 -50092.10430101]
spec-6313-56460-0295norm.dr16,316.4,"[2.24, 86.95, 164.52, 62.69]",[-38656.63729 -45423.52111 -46636.81496 -49595.86449],[-39199.43747 -46367.30039 -49125.77042 -50266.96916],"[106.25, 191.85, 406.84, 155.2]","[0.45, 0.48, 0.26, 0.55]","[0.19574336650819543, 0.20330420822001719, 0.16348066700019914, 0.23127872270167643]",[-39020.42176758 -45934.07691951 -47978.41929633 -50047.47938003]
spec-2945-54505-0067norm.dr16,215.64,"[19.77, 195.87]",[-39688.10342 -58026.11959],[-41449.97415 -59154.90445],"[183.06, 398.42]","[0.18, 0.59]","[0.1039077227586077, 0.3529913544337405]",[-40581.10525501 -58596.37485685]
spec-5494-55857-0549norm.dr16,380.63,"[188.06, 192.57]",[-37651.61786 -58026.11959],[-40433.90802 -59088.4713 ],"[454.89, 392.2]","[0.26, 0.6]","[0.16351199826680887, 0.3691964972635234]",[-39079.96038465 -58584.30442722]
spec-6587-56537-0015norm.dr16,4492.85,[4492.85],[-31003.36306],[-49368.10217],[5870.2],[0.74],[0.31954948904340486],[-39929.11060218]
spec-7701-57356-0794norm.dr16,3773.37,[3773.37],[-32027.28916],[-50240.59287],[5209.38],[0.78],[0.28593197322523906],[-40885.20147525]
spec-0948-52428-0370norm.dr16,201.47,"[4.38, 0.26, 9.63, 187.18]",[-33918.88878 -35893.49609 -37933.01561 -39562.18504],[-34463.846   -36437.81212 -38612.18605 -41865.79517],"[72.01, 67.58, 90.67, 421.05]","[0.29, 0.22, 0.26, 0.44]","[0.13209268276517344, 0.12420705554720801, 0.13352646641314048, 0.18279323237270853]",[-34224.79059272 -36245.96318099 -38230.50007038 -40865.58689255]
spec-7089-56661-0060norm.dr16,1238.53,"[1127.92, 110.6]",[-34123.27995 -45918.75773],[-43759.15575 -46862.04476],"[1985.23, 200.01]","[0.48, 0.46]","[0.2059767883631945, 0.21209663108123042]",[-38668.81778233 -46500.13734685]
spec-6199-56220-0264norm.dr16,2408.6,"[2396.67, 11.93]",[-31958.11356 -48426.18968],[-43167.8001  -49031.09799],"[3287.44, 279.26]","[0.44, 0.88]","[0.2932612407550858, 0.4616680462604514]",[-37553.3546333  -48609.85963627]
spec-7618-56898-0268norm.dr16,1764.09,"[1452.54, 311.55]",[-34072.02277 -45868.02682],[-43100.07668 -49769.86389],"[2237.81, 603.44]","[0.38, 0.9]","[0.24781171623374623, 0.15470090197951697]",[-38310.42898233 -48069.22018565]
spec-1455-53089-0381norm.dr16,379.26,"[201.11, 0.58, 172.67, 4.9]",[-32000.97406 -37449.18671 -46584.3673  -56164.66494],[-34251.0981  -37992.60004 -47863.31176 -56963.53102],"[403.56, 38.15, 351.09, 102.65]","[0.37, 0.15, 0.64, 0.2]","[0.17937837833494136, 0.07014355099849037, 0.27451181981855893, 0.12850587868001384]",[-33220.406346   -37653.63002763 -47255.55602448 -56572.81630398]
spec-6670-56389-0168norm.dr16,710.94,"[563.29, 147.65]",[-32000.97406 -46651.65683],[-35749.13032 -47661.53212],"[912.33, 280.57]","[0.4, 0.55]","[0.24341321727533882, 0.2778695045810821]",[-33836.6898432  -47250.88314556]
spec-6280-56570-0623norm.dr16,245.21,"[174.86, 67.04, 3.31]",[-33964.69785 -37503.31413 -48118.65698],[-37231.44029 -39200.66435 -48723.71231],"[496.95, 236.6, 79.03]","[0.28, 0.22, 0.14]","[0.15214451263607123, 0.13939803333185416, 0.13064302937274255]",[-35642.29903683 -38449.75878228 -48361.97821571]
spec-7694-57359-0006norm.dr16,233.95,[233.95],[-33896.64973],[-37299.34916],[567.79],[0.33],[0.16686569022149655],[-35641.26436867]
spec-2785-54537-0175norm.dr16,854.02,"[811.46, 36.95, 5.6]",[-35749.41997 -45573.7146  -47460.02641],[-44899.01091 -46719.3447  -47998.16142],"[1512.28, 143.31, 92.63]","[0.43, 0.28, 0.25]","[0.16527341048536467, 0.12514814051385284, 0.1721190804383357]",[-40238.02341071 -46164.33624186 -47688.09740505]
spec-5896-56047-0658norm.dr16,1477.24,[1477.24],[-33774.56095],[-44156.38343],[2359.45],[0.39],[0.2272079042534015],[-38685.18955377]
spec-4341-55538-0324norm.dr16,1034.07,"[728.14, 305.93]",[-32748.27764 -53893.76107],[-43409.99255 -58821.33412],"[1701.29, 770.11]","[0.41, 0.3]","[0.15951689444284678, 0.15630633086810172]",[-37672.02771514 -56428.92079011]
spec-9312-57784-0360norm.dr16,2893.47,"[1958.0, 19.58, 915.89]",[-29948.98694 -46648.47529 -54361.22219],[-40906.35536 -47994.74076 -59219.35944],"[2920.8, 156.66, 1327.47]","[0.51, 0.21, 0.45]","[0.2664274190530635, 0.11634582342484945, 0.27332409388044987]",[-34754.81392567 -47278.2280527  -57013.74637461]
spec-1709-53533-0576norm.dr16,3099.14,"[2859.61, 239.53]",[-32898.15995 -46055.34614],[-44301.40281 -49620.79442],"[3752.87, 582.0]","[0.68, 0.33]","[0.3288877865392721, 0.16323090114398392]",[-37839.26550879 -47728.40908482]
spec-5465-55988-0798norm.dr16,2540.11,"[2417.75, 1.37, 120.98]",[-32488.87269 -48814.77508 -55841.66536],[-43287.94635 -49553.70292 -58236.67454],"[3264.11, 92.32, 359.56]","[0.64, 0.26, 0.28]","[0.3021033535626043, 0.12493847038619267, 0.15013638409165547]",[-37314.57775536 -49132.04232875 -57076.16334416]
spec-2582-54139-0485norm.dr16,488.06,[488.06],[-44825.1379],[-49738.76097],[971.09],[0.33],[0.19761719968956035],[-47220.46015918]
spec-5320-55999-0336norm.dr16,188.43,"[66.53, 121.9]",[-44960.12669 -47251.69285],[-46376.12698 -49738.76097],"[220.12, 361.78]","[0.22, 0.22]","[0.15546699575528167, 0.14547070378586385]",[-45690.20119111 -48574.13466446]
spec-9587-57784-0340norm.dr16,33.67,"[26.03, 7.64]",[-45297.43569 -49134.55199],[-46241.33732 -49940.27698],"[149.64, 110.68]","[0.19, 0.19]","[0.15851906659416562, 0.137369706640814]",[-45788.32832118 -49516.96208349]
spec-1618-53116-0538norm.dr16,109.9,"[13.06, 6.41, 88.97, 1.47]",[-31902.39036 -34901.95186 -35786.92443 -38912.9988 ],[-33062.23162 -35446.70383 -37282.96974 -39455.73968],"[120.67, 70.17, 191.41, 36.19]","[0.21, 0.19, 1.07, 0.19]","[0.10408983995004967, 0.12885129336711643, 0.1278737960671352, 0.06665599919120974]",[-32496.22075842 -35178.13925336 -36704.5793129  -39200.20592669]
spec-5374-55947-0608norm.dr16,353.96,[353.96],[-32925.78295],[-38845.03544],[885.61],[0.5],[0.14960507153697636],[-35846.10555948]
spec-2511-53882-0552norm.dr16,694.38,"[6.36, 685.74, 2.28]",[-31802.99995 -32690.02802 -56038.18976],[-32349.01033 -40780.7092  -56837.11627],"[72.8, 1440.3, 86.68]","[0.18, 0.31, 0.15]","[0.13339050495864047, 0.17803289063720382, 0.10848544237617198]",[-32073.47454806 -36825.28898426 -56401.63653425]
spec-6422-56328-0988norm.dr16,1403.92,"[1299.27, 104.65]",[-29959.04622 -55171.57151],[-40983.90523 -58366.20417],"[2309.45, 406.91]","[0.45, 0.32]","[0.20942346447916918, 0.12741890236320624]",[-35159.1808589 -56977.6510905]
spec-2225-53729-0182norm.dr16,3.17,[3.17],[-52797.53912],[-53332.55796],[52.17],[0.27],[0.097480625961547],[-53063.55177873]
spec-6402-56334-0966norm.dr16,558.26,"[35.59, 522.67]",[-35310.49923 -44396.15746],[-36127.06992 -51257.64561],"[137.26, 1127.38]","[0.31, 0.44]","[0.1680849197910735, 0.16429502268287086]",[-35741.27579457 -47751.4258393 ]
spec-1713-53827-0211norm.dr16,706.06,"[540.0, 140.77, 14.84, 10.45]",[-33641.54573 -39014.70388 -48673.93664 -55702.03736],[-38743.31498 -41251.82445 -49278.65353 -56434.84753],"[927.46, 353.02, 76.32, 65.69]","[0.47, 0.39, 0.25, 0.23]","[0.18184913923914864, 0.15777513082752204, 0.12620653896114142, 0.08961857260745135]",[-36414.16887833 -40063.79622981 -49027.6204014  -56120.5643449 ]
spec-5476-55986-0599norm.dr16,942.38,"[888.54, 47.52, 6.32]",[-34050.5568  -42605.42833 -46587.978  ],[-42131.91778 -43281.54174 -47194.06804],"[1650.57, 129.87, 102.35]","[0.37, 0.44, 0.28]","[0.204229362601108, 0.19209283067085842, 0.16887011190654516]",[-37997.50000512 -42984.84912043 -46957.28817985]
spec-6456-56339-0894norm.dr16,861.9,"[137.9, 228.23, 36.79, 458.98]",[-29980.64188 -33188.97369 -37952.90186 -39988.78643],[-32234.06762 -35164.88204 -38767.80778 -47218.34651],"[414.71, 465.95, 115.57, 1126.2]","[0.36, 0.34, 0.25, 0.32]","[0.1840167439862626, 0.23583121599526502, 0.14186004413794737, 0.1557806311348209]",[-30975.08345377 -34187.01040902 -38443.73255825 -43593.53890364]
spec-10464-58155-0575norm.dr16,822.52,"[88.46, 125.58, 1.24, 106.29, 500.94]",[-29980.64188 -33325.36045 -36185.56025 -37409.45186 -39717.66287],[-31346.83991 -34960.50831 -36729.72214 -39039.16289 -48160.25507],"[239.11, 308.12, 51.5, 261.77, 1252.15]","[0.28, 0.27, 0.13, 0.33, 0.28]","[0.1750282497539443, 0.18843665682454658, 0.09465525184454839, 0.16063216021583737, 0.14836985723944543]","[-30682.78232532 -34179.83237518 -36417.99419479 -38329.57107923
 -44265.97757738]"
spec-2430-53815-0471norm.dr16,325.08,"[51.85, 0.34, 266.72, 6.17]",[-34441.43401 -35803.13571 -37367.19401 -45761.6825 ],[-35326.7507  -36347.3037  -39810.99993 -46435.78455],"[236.67, 40.3, 495.71, 136.08]","[0.78, 0.2, 0.47, 0.97]","[0.2674196766214393, 0.07404239736091921, 0.20283639280695948, 0.20179878343557736]",[-34914.18726779 -36150.98137665 -38635.11350426 -45988.19740801]
spec-5288-55865-0958norm.dr16,276.37,"[2.13, 274.24]",[-35803.13571 -36755.40283],[-36347.3037  -39810.99993],"[53.31, 563.36]","[0.14, 0.34]","[0.09793104290927118, 0.18439518605314636]",[-36135.88328117 -38479.25759558]
spec-5290-55862-0164norm.dr16,263.14,"[253.22, 9.92]",[-36823.29827 -45761.6825 ],[-40082.27081 -46435.78455],"[565.68, 315.58]","[0.34, 0.92]","[0.17359108820008107, 0.468121157541323]",[-38474.19714663 -45856.38635482]
spec-1372-53062-0154norm.dr16,1775.75,"[2.59, 58.54, 480.74, 259.53, 933.59, 40.76]","[-29951.59451 -33432.73696 -38535.16867 -42465.76366 -45505.14991
 -53762.51784]","[-30498.10381 -34114.18912 -42127.5502  -43412.38016 -53361.65785
 -55164.28961]","[229.41, 133.61, 785.96, 369.11, 1599.63, 199.86]","[0.74, 0.44, 0.48, 0.95, 0.88, 0.21]","[0.41974262208495094, 0.19600770327251724, 0.21879029817314205, 0.3900038443990376, 0.2037275398182108, 0.14257402299657998]","[-30264.26239358 -33849.4717931  -40299.69280483 -43080.8284827
 -49905.38320087 -54439.03924812]"
spec-6636-56367-0036norm.dr16,1428.75,"[647.62, 610.79, 147.61, 15.3, 7.44]",[-35408.11923 -42059.75812 -49677.14038 -52023.6125  -54497.09536],[-41653.74959 -48400.66974 -50482.33978 -53094.19856 -55431.03104],"[1209.85, 1178.03, 288.93, 111.38, 102.05]","[0.47, 0.91, 0.73, 0.2, 0.16]","[0.19371762662110015, 0.1857448015066597, 0.35888390309269963, 0.10404066530752198, 0.10927427175317361]","[-38526.24833757 -44963.49925348 -50152.94250454 -52560.28019689
 -54992.75587421]"
spec-8374-57783-0919norm.dr16,1064.98,"[450.27, 84.23, 400.9, 129.58]",[-34931.53804 -39553.16855 -42398.22067 -49677.14038],[-38942.5305  -40434.45838 -45842.43511 -50482.33978],"[804.69, 208.22, 711.5, 253.93]","[0.4, 0.4, 0.9, 0.7]","[0.20063735537367125, 0.23623584343550103, 0.20652104952286968, 0.3154144366702089]",[-36965.93538921 -40061.38966206 -43852.79123615 -50153.85426727]
spec-5444-56038-0942norm.dr16,187.16,"[31.22, 155.94]",[-43878.22059 -46441.73863],[-45498.05479 -49468.67324],"[193.15, 445.44]","[0.28, 0.35]","[0.11923269743357534, 0.14714797729467324]",[-44693.90468045 -47855.9300311 ]
spec-5868-56045-0372norm.dr16,333.18,"[26.07, 307.1]",[-44621.0289  -46037.49424],[-45767.81307 -49535.7301 ],"[118.5, 629.99]","[0.26, 0.42]","[0.10334291680849082, 0.18009542130814934]",[-45235.95143292 -47808.06747802]
spec-5133-55860-0412norm.dr16,181.37,"[138.67, 5.09, 33.22, 4.39]",[-40981.94044 -44430.94842 -48742.03521 -50823.01717],[-43823.14689 -45038.40306 -49816.69299 -51359.14255],"[393.42, 50.31, 190.46, 70.2]","[0.31, 0.18, 0.4, 0.16]","[0.13848001718805258, 0.08282255888662826, 0.1772152208675751, 0.13087403433845485]",[-42424.88409858 -44760.14399945 -49215.54649566 -51058.27670706]
spec-7622-56987-0113norm.dr16,219.93,"[19.74, 200.19]",[-41252.9002  -42403.51576],[-41997.48956 -47329.62304],"[81.97, 600.13]","[0.22, 0.51]","[0.11007704044762855, 0.12185256859370662]",[-41708.72562384 -45119.5688514 ]
spec-5174-56047-0344norm.dr16,1601.07,"[1482.58, 118.49]",[-34442.18175 -42114.98222],[-41844.23204 -42926.63675],"[2075.54, 215.01]","[0.72, 0.57]","[0.2804938352373296, 0.264972904858961]",[-38442.84203623 -42635.97719944]
spec-10748-58224-0461norm.dr16,3234.37,"[3180.33, 53.96, 0.07]",[-32533.48354 -45425.27681 -47581.11754],[-43940.28716 -46638.55955 -48119.19827],"[3979.18, 165.23, 43.84]","[0.9, 0.34, 0.19]","[0.3489710255180676, 0.1361873778385726, 0.08150019830031587]",[-38687.88918386 -46074.26539483 -47883.86818107]
spec-6122-56246-0696norm.dr16,595.95,"[101.53, 465.36, 29.06]",[-41352.79853 -46216.79234 -57265.97399],[-42232.65802 -50117.1391  -57864.22606],"[237.18, 793.74, 104.58]","[0.51, 0.32, 0.39]","[0.2695486106121243, 0.2035100026253131, 0.1748061796013481]",[-41810.98287251 -48165.32471376 -57614.76183461]
spec-7610-56980-0454norm.dr16,393.6,"[0.39, 89.04, 245.2, 58.96]",[-37825.77677 -41352.79853 -47159.7806  -56201.04911],[-38369.22326 -42165.04731 -49647.31173 -56999.85666],"[100.57, 191.59, 503.47, 124.79]","[0.63, 0.49, 0.35, 0.45]","[0.18502604670831466, 0.23590666772568977, 0.202397169415303, 0.15624499896321772]",[-38049.73945074 -41813.98836592 -48413.66585551 -56731.07074971]
spec-6720-56390-0552norm.dr16,710.23,"[385.12, 279.08, 46.03]",[-36811.46132 -47366.63493 -51664.00512],[-40002.56256 -50792.78523 -52868.68412],"[691.66, 617.66, 159.86]","[0.41, 0.51, 0.31]","[0.21674611923179496, 0.1802819770648452, 0.1327011080568874]",[-38395.17194055 -49099.69383197 -52249.62552206]
spec-8396-57837-0736norm.dr16,1026.8,"[326.26, 700.54]",[-36879.39481 -47231.99015],[-39799.20107 -52868.68412],"[588.55, 1225.43]","[0.33, 0.44]","[0.20159075689232778, 0.21738345294054734]",[-38395.16691472 -49938.96879962]
spec-1982-53436-0626norm.dr16,504.85,"[7.88, 129.85, 78.59, 52.64, 106.22, 129.67]","[-38525.82226 -39475.88536 -41509.02641 -42997.59798 -45158.823
 -47718.92585]","[-39068.92207 -41102.77058 -42659.50436 -44618.84809 -47382.49469
 -49063.60175]","[49.91, 295.16, 167.31, 210.67, 295.68, 268.33]","[0.21, 0.31, 0.41, 0.27, 0.37, 0.49]","[0.09201594322630405, 0.18147101856429437, 0.1454698618022073, 0.12994782642996583, 0.13300593839763242, 0.19958185969875547]","[-38874.81294334 -40380.8075474  -42248.23053976 -43719.05446404
 -46482.01395318 -48442.17981014]"
spec-6447-56362-0854norm.dr16,577.15,"[435.07, 85.16, 56.92]",[-39543.80943 -45428.49091 -48055.23172],[-43741.06198 -47449.69926 -48929.21883],"[827.08, 279.72, 162.6]","[0.36, 0.28, 0.33]","[0.19702871073348713, 0.13841093591547876, 0.186112453707461]",[-41456.89299679 -46467.7954791  -48532.85386627]
spec-5421-55980-0918norm.dr16,187.85,[187.85],[-53918.0452],[-56851.67565],[454.34],[0.33],[0.15486810249438485],[-55329.00463168]
spec-5422-55986-0288norm.dr16,168.82,[168.82],[-54185.21222],[-55986.17547],[355.5],[0.36],[0.1974263497260061],[-55095.87001355]
