SPECTRA INDEX,SPECTRA FILE NAME,NORM SPECTRA FILE NAME,REDSHIFT,CALCULATED SNR,SDSS SNR,BF,CF
15117,spec-5875-56038-0738-dered.dr16,spec-5875-56038-0738norm.dr16,2.521,17.24784,17.09878,420130.8799305134,-1.224212327286785
15127,spec-7118-56686-0076-dered.dr16,spec-7118-56686-0076norm.dr16,2.521,15.30136,13.85969,510819.09663688653,-1.2479550572573874
15157,spec-5320-55999-0726-dered.dr16,spec-5320-55999-0726norm.dr16,2.523,11.46769,10.17776,253376.94306827564,-1.2784890743204615
15186,spec-6484-56358-0074-dered.dr16,spec-6484-56358-0074norm.dr16,2.525,21.81587,20.35289,261114.2222521514,-1.1676964482287369
15192,spec-8367-57429-0561-dered.dr16,spec-8367-57429-0561norm.dr16,2.525,19.0665,19.51894,28.973570625219878,-0.12042144985705279
15217,spec-5460-56000-0732-dered.dr16,spec-5460-56000-0732norm.dr16,2.527,20.75669,21.95611,4880.439015200187,-0.6717294494162624
15236,spec-6817-56455-0396-dered.dr16,spec-6817-56455-0396norm.dr16,2.528,16.13236,18.31474,307.28315087724155,-0.37841331708750925
15242,spec-5767-56245-0936-dered.dr16,spec-5767-56245-0936norm.dr16,2.529,16.03664,14.31494,1280.852373769294,-0.6104269176327756
15260,spec-6481-56363-0854-dered.dr16,spec-6481-56363-0854norm.dr16,2.53,11.57769,10.60325,23835.96323197753,-0.9894488875205417
15340,spec-6437-56340-0427-dered.dr16,spec-6437-56340-0427norm.dr16,2.535,12.46275,11.30966,41329.382742549715,-1.045704061005358
15346,spec-6969-56420-0653-dered.dr16,spec-6969-56420-0653norm.dr16,2.535,14.53638,12.42358,918.7589913704766,-0.5384620788381299
15400,spec-8825-57451-0004-dered.dr16,spec-8825-57451-0004norm.dr16,2.5389,25.39761,17.51229,879892741.3998188,-2.0774647229571555
15411,spec-7411-56776-0679-dered.dr16,spec-7411-56776-0679norm.dr16,2.539,13.31268,12.9075,36541.66096971184,-1.0230360282015192
15412,spec-10250-58472-0550-dered.dr16,spec-10250-58472-0550norm.dr16,2.5391,14.27709,14.76215,5150.471837259158,-0.7364881455636352
15426,spec-5707-56269-0076-dered.dr16,spec-5707-56269-0076norm.dr16,2.54,16.87943,17.21849,0.00912776644795056,0.8154101605932221
15445,spec-4850-55929-0544-dered.dr16,spec-4850-55929-0544norm.dr16,2.541,18.53384,15.45462,51153.55203325703,-0.9799791138629621
15523,spec-6662-56364-0276-dered.dr16,spec-6662-56364-0276norm.dr16,2.547,21.64557,18.61529,320047.8293264875,-1.1886069672284656
15553,spec-6640-56385-0896-dered.dr16,spec-6640-56385-0896norm.dr16,2.549,10.82147,11.74678,0.2471293530860063,0.37345095380108695
15558,spec-5865-56067-0340-dered.dr16,spec-5865-56067-0340norm.dr16,2.55,10.01848,11.19724,2.484255105695375,0.10209237457982079
15562,spec-6636-56367-0980-dered.dr16,spec-6636-56367-0980norm.dr16,2.55,26.2509,25.85255,1200450138.6145935,-2.06844024508226
15565,spec-9311-57743-0731-dered.dr16,spec-9311-57743-0731norm.dr16,2.5507,32.55669,30.84594,620373.5101076929,-1.2165794901307907
15580,spec-5430-56000-0964-dered.dr16,spec-5430-56000-0964norm.dr16,2.552,11.5447,14.76131,9.782132010455886,-0.04001366095713509
15604,spec-5044-56186-0858-dered.dr16,spec-5044-56186-0858norm.dr16,2.554,20.44848,19.99848,521497.264697175,-1.231685682457504
15617,spec-8233-57887-0391-dered.dr16,spec-8233-57887-0391norm.dr16,2.554,21.81603,20.18786,149838021.44222268,-1.930751112640157
15692,spec-5783-56017-0216-dered.dr16,spec-5783-56017-0216norm.dr16,2.559,27.99581,25.77996,44819623.10701438,-1.7029087182899374
15722,spec-6490-56330-0956-dered.dr16,spec-6490-56330-0956norm.dr16,2.561,20.41128,19.43333,147015447.91157663,-1.8769967853532388
15763,spec-7183-56658-0784-dered.dr16,spec-7183-56658-0784norm.dr16,2.564,17.038,15.49421,1093012.3876345789,-1.406330293204271
15794,spec-5973-56067-0631-dered.dr16,spec-5973-56067-0631norm.dr16,2.566,20.23688,18.15077,82664718.67327143,-1.8460491483364794
15802,spec-5333-56001-0616-dered.dr16,spec-5333-56001-0616norm.dr16,2.567,12.95925,12.48037,200153.85695564165,-1.1771401849630212
15814,spec-7718-57362-0438-dered.dr16,spec-7718-57362-0438norm.dr16,2.567,11.21462,10.27487,4487.672747133956,-0.7769046268682445
15876,spec-5357-55956-0260-dered.dr16,spec-5357-55956-0260norm.dr16,2.573,14.5584,12.45769,134.69888452152634,-0.38728606527591897
15880,spec-6026-56071-0212-dered.dr16,spec-6026-56071-0212norm.dr16,2.573,11.27884,10.11437,15716581.313498454,-1.7330523092458112
15908,spec-6760-56425-0606-dered.dr16,spec-6760-56425-0606norm.dr16,2.574,31.43702,31.70304,11448433.617129564,-1.5065488441960215
15937,spec-6197-56191-0308-dered.dr16,spec-6197-56191-0308norm.dr16,2.576,15.582,12.77426,53614.178974169845,-1.026355801023016
15980,spec-5062-55803-0259-dered.dr16,spec-5062-55803-0259norm.dr16,2.579,32.34912,30.09638,132297.93571818588,-1.0099019836166732
16014,spec-5722-56008-0266-dered.dr16,spec-5722-56008-0266norm.dr16,2.581,11.95876,10.62683,7810746.736017863,-1.6292821746871444
16036,spec-5980-56338-0786-dered.dr16,spec-5980-56338-0786norm.dr16,2.583,30.11633,24.83135,198780.71953719476,-1.1138751107814786
16090,spec-4788-55889-0132-dered.dr16,spec-4788-55889-0132norm.dr16,2.587,25.24442,25.40471,24.29368322645591,-0.026957295210934953
16126,spec-6672-56386-0400-dered.dr16,spec-6672-56386-0400norm.dr16,2.589,14.80115,13.31502,2733.1477244556822,-0.6834136771290091
16151,spec-8280-57061-0902-dered.dr16,spec-8280-57061-0902norm.dr16,2.59,20.73218,20.45003,59088932.34480331,-1.8172659810057439
16160,spec-7164-56597-0258-dered.dr16,spec-7164-56597-0258norm.dr16,2.591,18.65233,13.78871,4910.221287953371,-0.7186335247144722
16188,spec-7085-56625-0794-dered.dr16,spec-7085-56625-0794norm.dr16,2.593,12.22448,10.79443,2.3094706680700203,0.076350825994907
16202,spec-10739-58255-0202-dered.dr16,spec-10739-58255-0202norm.dr16,2.5948,12.32061,10.56795,1138.0141788052902,-0.5963663345068949
16234,spec-6048-56072-0147-dered.dr16,spec-6048-56072-0147norm.dr16,2.597,18.25494,18.92423,1532.1349585587407,-0.5786582141517176
16250,spec-5493-56009-0658-dered.dr16,spec-5493-56009-0658norm.dr16,2.598,13.71566,13.98067,5.071388424294249,0.02979984837095457
16261,spec-4855-55926-0794-dered.dr16,spec-4855-55926-0794norm.dr16,2.599,18.0158,16.96363,7990567.353938278,-1.5883197980453199
16342,spec-10271-58497-0854-dered.dr16,spec-10271-58497-0854norm.dr16,2.6062,11.03537,11.86454,0.9548522185152173,0.18410995960702975
16358,spec-5796-56274-0872-dered.dr16,spec-5796-56274-0872norm.dr16,2.608,16.9464,16.00401,113.54372359522766,-0.2602730188478447
16368,spec-5393-55946-0378-dered.dr16,spec-5393-55946-0378norm.dr16,2.609,12.80854,10.10788,296842.7009631217,-1.2936077849321546
16391,spec-9222-57680-0597-dered.dr16,spec-9222-57680-0597norm.dr16,2.61,13.43332,11.71663,944244.854805504,-1.5151195612700032
16415,spec-4533-55855-0670-dered.dr16,spec-4533-55855-0670norm.dr16,2.613,21.14395,22.07437,38269.97170751787,-0.9208579225404592
16449,spec-6313-56460-0295-dered.dr16,spec-6313-56460-0295norm.dr16,2.615,22.00557,20.66545,1380995.5925440663,-1.3252895550064463
16469,spec-6791-56429-0944-dered.dr16,spec-6791-56429-0944norm.dr16,2.616,13.96837,11.8166,11395.675538068997,-0.8757397722646012
16485,spec-5380-55980-0468-dered.dr16,spec-5380-55980-0468norm.dr16,2.618,11.91111,11.02679,91.69483333724702,-0.2735387044339065
16546,spec-5812-56354-0886-dered.dr16,spec-5812-56354-0886norm.dr16,2.623,14.88268,14.34765,39136.97147997781,-0.9620953947083224
16578,spec-6410-56336-0934-dered.dr16,spec-6410-56336-0934norm.dr16,2.625,40.52476,43.44722,22374076.769553006,-1.4959557749815926
16583,spec-6723-56428-0436-dered.dr16,spec-6723-56428-0436norm.dr16,2.625,29.48286,26.73049,0.5402616467734022,0.43230457624559315
16605,spec-6147-56239-0688-dered.dr16,spec-6147-56239-0688norm.dr16,2.627,16.04778,15.08883,12389.71332109385,-0.8876371104656247
16637,spec-7726-58154-0803-dered.dr16,spec-7726-58154-0803norm.dr16,2.6294,31.2813,31.12794,13064143.90612977,-1.5437847585792734
16645,spec-7391-56781-0721-dered.dr16,spec-7391-56781-0721norm.dr16,2.63,25.1959,26.41178,12597.48720837758,-0.736900320816171
16664,spec-5309-55929-0398-dered.dr16,spec-5309-55929-0398norm.dr16,2.632,12.77182,10.28589,565.1445741661796,-0.5320672703236566
16684,spec-6038-56090-0697-dered.dr16,spec-6038-56090-0697norm.dr16,2.633,24.99386,24.20978,930016.9263375524,-1.2625155358557858
16695,spec-5474-56036-0054-dered.dr16,spec-5474-56036-0054norm.dr16,2.634,13.16871,11.65967,2171030.1575734555,-1.479864322499472
16710,spec-5494-55857-0549-dered.dr16,spec-5494-55857-0549norm.dr16,2.635,26.34693,22.82751,5383378.371751956,-1.4761403242534967
16719,spec-7108-56686-0729-dered.dr16,spec-7108-56686-0729norm.dr16,2.635,48.41535,48.94427,14760813.804595994,-1.4694910443378546
16751,spec-7717-58100-0610-dered.dr16,spec-7717-58100-0610norm.dr16,2.638,12.36908,10.3767,757502.741072561,-1.3768494029887781
16754,spec-7392-56992-0142-dered.dr16,spec-7392-56992-0142norm.dr16,2.6385,13.64005,11.38599,128429697.86588667,-1.9506829099280092
16757,spec-5851-56075-0432-dered.dr16,spec-5851-56075-0432norm.dr16,2.639,30.03864,30.25608,715363895.9500988,-2.026358739048738
16820,spec-5131-55835-0794-dered.dr16,spec-5131-55835-0794norm.dr16,2.644,39.91515,36.55337,765023619.0684484,-1.905027138641664
16839,spec-5795-56298-0164-dered.dr16,spec-5795-56298-0164norm.dr16,2.645,12.98552,10.77452,14320.540326100458,-0.8938397559728004
16905,spec-6404-56330-0450-dered.dr16,spec-6404-56330-0450norm.dr16,2.65,18.58163,12.95487,5280617.99520201,-1.5120800663919043
16910,spec-7131-56570-0062-dered.dr16,spec-7131-56570-0062norm.dr16,2.65,14.75263,14.107,10098.59082567015,-0.8228608103476523
16928,spec-8501-57519-0960-dered.dr16,spec-8501-57519-0960norm.dr16,2.652,19.48158,17.36975,4284799.016127147,-1.5038338895452859
16940,spec-6981-56443-0340-dered.dr16,spec-6981-56443-0340norm.dr16,2.653,13.74826,12.45461,147781.02993558248,-1.1474923061235318
17015,spec-5767-56245-0078-dered.dr16,spec-5767-56245-0078norm.dr16,2.66,14.80136,13.52379,189.9466869718337,-0.39587246889749644
17066,spec-7701-57356-0794-dered.dr16,spec-7701-57356-0794norm.dr16,2.6636,23.13494,23.62581,21.937876430183632,-0.0740648424000477
17104,spec-9407-58041-0145-dered.dr16,spec-9407-58041-0145norm.dr16,2.6663,17.46036,18.20875,96.78083665379681,-0.27505707308957106
17119,spec-5438-56002-0100-dered.dr16,spec-5438-56002-0100norm.dr16,2.668,17.35818,12.54737,180619040353.2293,-2.7802194622819654
17206,spec-6791-56429-0516-dered.dr16,spec-6791-56429-0516norm.dr16,2.676,17.50271,17.25792,1171.784905516428,-0.5317719091680388
17217,spec-5852-56034-0300-dered.dr16,spec-5852-56034-0300norm.dr16,2.677,13.60043,12.4373,4.751674605175514,0.044011629081171726
17234,spec-7088-56657-0125-dered.dr16,spec-7088-56657-0125norm.dr16,2.678,15.37425,10.38351,2008027751.6800349,-2.3279688624573205
17331,spec-5338-56002-0726-dered.dr16,spec-5338-56002-0726norm.dr16,2.687,17.37596,16.79401,56692975.9405045,-1.8183709313961025
17362,spec-6622-56365-0158-dered.dr16,spec-6622-56365-0158norm.dr16,2.689,25.6127,24.29507,2113448.974084639,-1.3503324565587487
17399,spec-11118-58522-0174-dered.dr16,spec-11118-58522-0174norm.dr16,2.693,13.7439,10.30225,27000.746471345505,-0.9613598016210315
17422,spec-5494-55857-0124-dered.dr16,spec-5494-55857-0124norm.dr16,2.695,19.75041,14.77464,8663532.287249105,-1.6041244499787606
17457,spec-4639-55944-0464-dered.dr16,spec-4639-55944-0464norm.dr16,2.699,13.18202,10.41846,7865750.099569139,-1.6415142718214206
17486,spec-6199-56220-0935-dered.dr16,spec-6199-56220-0935norm.dr16,2.701,31.00365,29.20787,1033684.7815278944,-1.2894187751333785
17490,spec-8543-57542-0825-dered.dr16,spec-8543-57542-0825norm.dr16,2.701,27.6993,27.67519,163741.18629685428,-1.040331852817562
17505,spec-7089-56661-0060-dered.dr16,spec-7089-56661-0060norm.dr16,2.702,22.32537,16.48688,67502535.11907768,-1.8041459430514497
17520,spec-10720-58250-0937-dered.dr16,spec-10720-58250-0937norm.dr16,2.705,14.07409,12.22331,43196.65609671229,-1.0086845588833062
17556,spec-6435-56341-0929-dered.dr16,spec-6435-56341-0929norm.dr16,2.708,13.28333,11.23288,2363158.0174580542,-1.4994547078834612
17572,spec-6482-56358-0396-dered.dr16,spec-6482-56358-0396norm.dr16,2.71,14.15969,12.03971,4324.307970594472,-0.7277790337974273
17606,spec-6786-56448-0686-dered.dr16,spec-6786-56448-0686norm.dr16,2.713,16.86561,16.2921,37.64141973253674,-0.1602945672811301
17607,spec-8066-57544-0062-dered.dr16,spec-8066-57544-0062norm.dr16,2.713,22.0217,18.21444,5850452.642366918,-1.531675033671191
17619,spec-6422-56328-0909-dered.dr16,spec-6422-56328-0909norm.dr16,2.714,28.85454,25.78184,533853.6948832574,-1.208369357561303
17627,spec-6428-56279-0288-dered.dr16,spec-6428-56279-0288norm.dr16,2.715,12.95052,11.95288,24.67116062644166,-0.21421116378747157
17629,spec-6438-56367-0606-dered.dr16,spec-6438-56367-0606norm.dr16,2.715,12.48954,10.14688,1.7611279986963586,0.146466128418367
17640,spec-6142-56219-0893-dered.dr16,spec-6142-56219-0893norm.dr16,2.716,19.28262,19.12621,29952.920828975457,-0.8984412997792837
17656,spec-6507-56478-0810-dered.dr16,spec-6507-56478-0810norm.dr16,2.718,11.43929,10.69355,10.165536476675307,-0.071513983198677
17663,spec-9175-58049-0223-dered.dr16,spec-9175-58049-0223norm.dr16,2.7195,10.77451,11.48743,3.7161166556896846e-06,1.6706211529649615
17683,spec-6409-56306-0652-dered.dr16,spec-6409-56306-0652norm.dr16,2.721,11.40866,11.41198,31856.272172298934,-1.0188641341914157
17709,spec-8302-57389-0130-dered.dr16,spec-8302-57389-0130norm.dr16,2.724,10.03612,10.12169,0.5222820874713979,0.22674028549338376
17759,spec-5986-56328-0354-dered.dr16,spec-5986-56328-0354norm.dr16,2.73,15.82913,14.34459,4985.571421081141,-0.7628181226388833
17791,spec-7132-56565-0506-dered.dr16,spec-7132-56565-0506norm.dr16,2.733,12.72365,13.34751,5637.467096460161,-0.7905412115240125
17848,spec-5981-56340-0648-dered.dr16,spec-5981-56340-0648norm.dr16,2.74,18.9581,17.78209,951712.8248760651,-1.3635357895066165
17883,spec-7621-56985-0157-dered.dr16,spec-7621-56985-0157norm.dr16,2.7436,16.67642,11.74957,2187378.0934705785,-1.464777288720951
17912,spec-8170-57131-0002-dered.dr16,spec-8170-57131-0002norm.dr16,2.747,17.58658,16.202,335950.37545576954,-1.206520745266529
17918,spec-7124-56720-0786-dered.dr16,spec-7124-56720-0786norm.dr16,2.748,20.22396,15.80734,463224693.2338206,-2.020902949453639
17941,spec-6827-56428-0061-dered.dr16,spec-6827-56428-0061norm.dr16,2.75,17.64522,15.48295,6343596.869182525,-1.544829405905688
17943,spec-8505-57834-0508-dered.dr16,spec-8505-57834-0508norm.dr16,2.75,26.65546,25.44483,5474073.844305607,-1.4134186185961526
17948,spec-5210-56003-0744-dered.dr16,spec-5210-56003-0744norm.dr16,2.751,32.23028,31.75653,266228219.11531937,-1.87253597133625
17958,spec-6389-56270-0061-dered.dr16,spec-6389-56270-0061norm.dr16,2.752,11.78588,12.88835,0.0009659931348001447,1.024830709244318
17971,spec-5402-55927-0199-dered.dr16,spec-5402-55927-0199norm.dr16,2.754,26.64585,22.84744,52620242.75617956,-1.7663722464627918
17988,spec-6130-56214-0688-dered.dr16,spec-6130-56214-0688norm.dr16,2.755,13.51273,10.15444,372815.66419991787,-1.3047435143738533
18059,spec-5125-55863-0672-dered.dr16,spec-5125-55863-0672norm.dr16,2.765,14.95647,11.47395,302026.3538717805,-1.2929437982743213
18073,spec-8228-57423-0716-dered.dr16,spec-8228-57423-0716norm.dr16,2.765,11.94203,11.44998,34646.07323682291,-1.0319820056951114
18082,spec-5956-56104-0952-dered.dr16,spec-5956-56104-0952norm.dr16,2.767,14.16919,11.87709,240545.15808257775,-1.2154108453111254
18087,spec-8524-57656-0986-dered.dr16,spec-8524-57656-0986norm.dr16,2.7672,19.48493,19.59976,136.7472685584012,-0.3078165683528589
18118,spec-6034-56103-0041-dered.dr16,spec-6034-56103-0041norm.dr16,2.771,17.84457,15.90575,145032164.10871017,-1.9417015507742905
18120,spec-7109-56658-0300-dered.dr16,spec-7109-56658-0300norm.dr16,2.771,34.69061,31.32891,311318814.5245194,-1.9420056302990383
18126,spec-5768-56017-0835-dered.dr16,spec-5768-56017-0835norm.dr16,2.772,12.97786,19.37982,1.645212705525844e-05,1.5186300315973102
18131,spec-7314-56990-0294-dered.dr16,spec-7314-56990-0294norm.dr16,2.772,15.89539,15.59772,7787.61980213678,-0.8092660002491971
18151,spec-5376-55987-0624-dered.dr16,spec-5376-55987-0624norm.dr16,2.775,14.47734,12.12192,311795.14874728286,-1.2358381302470105
18159,spec-7680-58131-0631-dered.dr16,spec-7680-58131-0631norm.dr16,2.7755,23.64736,17.60745,771832.4915673027,-1.3162604731543013
18173,spec-8536-58015-0845-dered.dr16,spec-8536-58015-0845norm.dr16,2.7773,16.74953,14.54832,4150862.2882162114,-1.5259221859732774
18184,spec-11324-58395-0190-dered.dr16,spec-11324-58395-0190norm.dr16,2.7782,32.81075,33.15178,7073406.807594147,-1.4459837539914555
18202,spec-7409-56809-0808-dered.dr16,spec-7409-56809-0808norm.dr16,2.78,18.13479,14.02071,133892.2863377728,-1.149548053317287
18228,spec-8404-57481-0312-dered.dr16,spec-8404-57481-0312norm.dr16,2.783,14.15304,12.01138,193757.30338983156,-1.1899630369811505
18280,spec-5362-56017-0104-dered.dr16,spec-5362-56017-0104norm.dr16,2.79,42.6906,41.01584,37610578.33278812,-1.6056555311403025
18283,spec-5770-56014-0218-dered.dr16,spec-5770-56014-0218norm.dr16,2.79,13.28956,11.3171,152760.92946389734,-1.1578986950452184
18295,spec-4377-55828-0634-dered.dr16,spec-4377-55828-0634norm.dr16,2.792,19.87067,17.27008,746384.0163205,-1.3054053227464277
18375,spec-6823-56687-0506-dered.dr16,spec-6823-56687-0506norm.dr16,2.802,15.26218,10.22459,79625.04158922605,-1.089545177893414
18391,spec-5846-56017-0808-dered.dr16,spec-5846-56017-0808norm.dr16,2.804,20.66323,21.71158,945122.0817288369,-1.3270183717152104
18395,spec-5491-56034-0569-dered.dr16,spec-5491-56034-0569norm.dr16,2.805,13.14906,10.88974,18932265.340467397,-1.731951383638418
18418,spec-5323-55957-0936-dered.dr16,spec-5323-55957-0936norm.dr16,2.808,21.69352,20.78052,505121.03957884054,-1.2307943888263881
18438,spec-6422-56328-0690-dered.dr16,spec-6422-56328-0690norm.dr16,2.81,22.00782,20.61607,3580323.428347346,-1.485038018264246
18440,spec-6754-56414-0561-dered.dr16,spec-6754-56414-0561norm.dr16,2.81,13.87759,12.84301,57927.76893319753,-1.0334315298680514
18443,spec-8842-57424-0048-dered.dr16,spec-8842-57424-0048norm.dr16,2.81,17.03721,15.41768,22208.511475606058,-0.853658289665775
18475,spec-5445-55987-0890-dered.dr16,spec-5445-55987-0890norm.dr16,2.815,10.39964,10.00769,0.014517815589096697,0.6960252200481745
18479,spec-6754-56414-0051-dered.dr16,spec-6754-56414-0051norm.dr16,2.815,17.44153,10.77422,3530251.4775262997,-1.4883625048676028
18483,spec-8284-57419-0264-dered.dr16,spec-8284-57419-0264norm.dr16,2.816,20.33103,19.72579,33082.3538075092,-0.9393015197475342
18487,spec-6392-56331-0942-dered.dr16,spec-6392-56331-0942norm.dr16,2.818,15.17514,12.4417,4944397.736612409,-1.5438064201326456
18493,spec-8534-57905-0448-dered.dr16,spec-8534-57905-0448norm.dr16,2.819,19.07187,20.03319,368.3254176368403,-0.3763856215354773
18494,spec-8869-57481-0266-dered.dr16,spec-8869-57481-0266norm.dr16,2.819,15.48343,14.92723,221893.4223255636,-1.1843150046279094
18510,spec-9363-57742-0230-dered.dr16,spec-9363-57742-0230norm.dr16,2.8206,16.38008,13.77729,1421930849.241165,-2.2379481821343
18524,spec-6968-56443-0050-dered.dr16,spec-6968-56443-0050norm.dr16,2.823,44.5658,44.35853,30052533.75957846,-1.5360297431955092
18545,spec-5352-56269-0206-dered.dr16,spec-5352-56269-0206norm.dr16,2.825,39.37348,37.05997,10224129.331038421,-1.530795029880963
18567,spec-6413-56336-0699-dered.dr16,spec-6413-56336-0699norm.dr16,2.827,14.59728,11.38265,26383.43695436588,-0.9625404163659411
18577,spec-5341-55931-0822-dered.dr16,spec-5341-55931-0822norm.dr16,2.828,20.78598,14.6063,12295341.697939107,-1.6135848988496666
18581,spec-7700-58016-0381-dered.dr16,spec-7700-58016-0381norm.dr16,2.8286,15.96805,13.58582,2233725.2696351726,-1.4787566109527763
18582,spec-5138-55830-0772-dered.dr16,spec-5138-55830-0772norm.dr16,2.829,18.17996,14.7123,206511.4296031315,-1.1788927924235135
18613,spec-5355-56009-0806-dered.dr16,spec-5355-56009-0806norm.dr16,2.833,16.02383,14.01141,54006910.7021882,-1.831328310404379
18635,spec-5800-56279-0970-dered.dr16,spec-5800-56279-0970norm.dr16,2.836,14.01487,10.91242,179661.14883225728,-1.1684033605422293
18660,spec-4468-55894-0286-dered.dr16,spec-4468-55894-0286norm.dr16,2.84,15.40251,12.50891,1856.6635350938134,-0.6469259267135387
18666,spec-6456-56339-0850-dered.dr16,spec-6456-56339-0850norm.dr16,2.84,19.77731,17.71257,587953.1410545091,-1.2679520314031036
18678,spec-5848-56029-0666-dered.dr16,spec-5848-56029-0666norm.dr16,2.841,16.00938,15.55438,5692279.616709275,-1.5530020502983286
18681,spec-5394-56001-0990-dered.dr16,spec-5394-56001-0990norm.dr16,2.842,24.73367,24.19127,770886.7475444969,-1.2280834066629638
18687,spec-7106-56663-0938-dered.dr16,spec-7106-56663-0938norm.dr16,2.843,18.05752,14.46999,1444644.4567713598,-1.3818452345101186
18710,spec-10760-58224-0600-dered.dr16,spec-10760-58224-0600norm.dr16,2.8457,14.20457,12.41183,1745775.6730159959,-1.4403807455544266
18754,spec-4468-55894-0240-dered.dr16,spec-4468-55894-0240norm.dr16,2.852,23.11044,18.68556,4607.221141847377,-0.6935765269052354
18755,spec-4606-56223-0495-dered.dr16,spec-4606-56223-0495norm.dr16,2.852,17.00291,15.50002,256876.64075332106,-1.165900873944453
18789,spec-8163-57049-0902-dered.dr16,spec-8163-57049-0902norm.dr16,2.855,23.27659,20.92935,137021520.9691828,-1.9032239544735798
18790,spec-8852-57449-0613-dered.dr16,spec-8852-57449-0613norm.dr16,2.855,15.28999,10.11371,18789772.642494462,-1.7618166120758996
18820,spec-5058-56208-0292-dered.dr16,spec-5058-56208-0292norm.dr16,2.859,17.59533,15.5823,18843.188318458986,-0.9015488402815307
18834,spec-7853-56988-0370-dered.dr16,spec-7853-56988-0370norm.dr16,2.86,13.51668,12.75215,5611.932112176478,-0.7791396828672837
18845,spec-8522-58193-0192-dered.dr16,spec-8522-58193-0192norm.dr16,2.8619,13.31627,10.90534,28663.347585531035,-0.9767213940366244
18891,spec-8223-57429-0297-dered.dr16,spec-8223-57429-0297norm.dr16,2.8708,23.50907,20.78827,12699984.327086082,-1.5531582392091885
18892,spec-5389-55953-0422-dered.dr16,spec-5389-55953-0422norm.dr16,2.871,18.26812,13.32075,201.3890839125443,-0.40416929902578996
18932,spec-5479-56016-0468-dered.dr16,spec-5479-56016-0468norm.dr16,2.877,13.58245,10.70965,2503.5176039516227,-0.6970544916789315
18984,spec-5406-55955-0204-dered.dr16,spec-5406-55955-0204norm.dr16,2.883,39.84852,37.43049,75403533.26980238,-1.695471298171585
18987,spec-6137-56270-0696-dered.dr16,spec-6137-56270-0696norm.dr16,2.883,16.42727,16.50059,6093.271894175247,-0.7781639065031225
19017,spec-9604-58133-0835-dered.dr16,spec-9604-58133-0835norm.dr16,2.8889,22.44054,18.85075,457488.24244709796,-1.207407885147478
19025,spec-7120-56720-0552-dered.dr16,spec-7120-56720-0552norm.dr16,2.889,14.39574,11.19334,92965.30292659356,-1.0759807343523076
19037,spec-6024-56088-0600-dered.dr16,spec-6024-56088-0600norm.dr16,2.89,14.43671,11.61576,3621522.2282975833,-1.538081977755968
19051,spec-5896-56047-0658-dered.dr16,spec-5896-56047-0658norm.dr16,2.892,17.40392,19.92415,76.67536952159588,-0.25502759827388716
19056,spec-6031-56091-0588-dered.dr16,spec-6031-56091-0588norm.dr16,2.893,29.43573,28.26892,109853.21049007207,-0.9858634373358413
19086,spec-5354-55927-0174-dered.dr16,spec-5354-55927-0174norm.dr16,2.897,22.11139,19.46422,45595061.41906916,-1.7428325591464833
19108,spec-6484-56358-0562-dered.dr16,spec-6484-56358-0562norm.dr16,2.9,12.93583,10.22651,3623893.953080914,-1.5327098917148454
19122,spec-4869-55896-0340-dered.dr16,spec-4869-55896-0340norm.dr16,2.902,15.68797,12.2495,1078.3821632943243,-0.5728005851655469
19127,spec-7608-56945-0352-dered.dr16,spec-7608-56945-0352norm.dr16,2.902,19.11301,16.73517,44897637.9720539,-1.7946947324411553
19163,spec-8853-57459-0797-dered.dr16,spec-8853-57459-0797norm.dr16,2.9075,15.6805,14.13334,2342.3057832872005,-0.6777236755804958
19186,spec-9179-57682-0922-dered.dr16,spec-9179-57682-0922norm.dr16,2.91,17.15508,14.24013,10244.919052063025,-0.8646552542301872
19189,spec-4973-56042-0342-dered.dr16,spec-4973-56042-0342norm.dr16,2.911,22.20879,20.87885,25811.139129451538,-0.8556176215842005
19200,spec-6017-56075-0570-dered.dr16,spec-6017-56075-0570norm.dr16,2.913,31.73583,29.12086,108609737.49497679,-1.7789930085849663
19222,spec-5288-55865-0812-dered.dr16,spec-5288-55865-0812norm.dr16,2.915,14.60086,10.39052,20130281.557511304,-1.7648843588028096
19228,spec-7163-56593-0950-dered.dr16,spec-7163-56593-0950norm.dr16,2.915,19.08819,12.91003,11192.443670276916,-0.8162017947184483
19241,spec-5774-56002-0698-dered.dr16,spec-5774-56002-0698norm.dr16,2.917,19.3232,15.38609,528335.6963028115,-1.2639090394946282
19258,spec-8512-57903-0518-dered.dr16,spec-8512-57903-0518norm.dr16,2.919,15.14305,11.5913,9084.151098499082,-0.843666805225155
19267,spec-6738-56424-0374-dered.dr16,spec-6738-56424-0374norm.dr16,2.92,14.82897,12.77772,2539134.1215287745,-1.4659892256721105
19268,spec-8372-57787-0950-dered.dr16,spec-8372-57787-0950norm.dr16,2.92,18.49485,14.89301,843182.7870010386,-1.3168286657007886
19296,spec-5447-55958-0186-dered.dr16,spec-5447-55958-0186norm.dr16,2.926,15.33507,11.85583,468709.578044219,-1.2811511899180643
19326,spec-7238-56660-0821-dered.dr16,spec-7238-56660-0821norm.dr16,2.93,24.74067,17.22144,4109130.5719341137,-1.5479397828720995
19327,spec-8283-57064-0642-dered.dr16,spec-8283-57064-0642norm.dr16,2.93,48.99583,37.27226,654900.2824656345,-1.165722022583864
19328,spec-7759-58401-0366-dered.dr16,spec-7759-58401-0366norm.dr16,2.9306,23.82092,18.07091,698380784.6669806,-2.0635547174466407
19329,spec-5189-56074-0414-dered.dr16,spec-5189-56074-0414norm.dr16,2.931,29.41028,29.44983,776.6230251974805,-0.39205923357892053
19346,spec-7109-56658-0688-dered.dr16,spec-7109-56658-0688norm.dr16,2.934,17.18622,13.47246,14342332.314152418,-1.729500210896507
19363,spec-5784-56029-0808-dered.dr16,spec-5784-56029-0808norm.dr16,2.936,16.80893,15.00809,354250.0918021606,-1.229508603467371
19426,spec-5042-55856-0692-dered.dr16,spec-5042-55856-0692norm.dr16,2.945,24.71214,21.34448,140565736.53677988,-1.9229127589552077
19461,spec-7848-56959-0234-dered.dr16,spec-7848-56959-0234norm.dr16,2.95,35.80941,33.59658,94294.6357350003,-1.0461576613512789
19468,spec-5176-56221-0651-dered.dr16,spec-5176-56221-0651norm.dr16,2.952,18.55268,14.81486,1124.9236245489471,-0.5589266741066593
19492,spec-6638-56370-0374-dered.dr16,spec-6638-56370-0374norm.dr16,2.957,19.10514,18.03677,123577726.47501446,-1.879994166332497
19495,spec-7512-56777-0440-dered.dr16,spec-7512-56777-0440norm.dr16,2.957,18.3214,16.41885,294009.6493804252,-1.1760764840886713
19503,spec-5299-55927-0062-dered.dr16,spec-5299-55927-0062norm.dr16,2.959,20.35928,16.23695,3856711.6292795325,-1.4712416752995277
19532,spec-6741-56394-0746-dered.dr16,spec-6741-56394-0746norm.dr16,2.963,26.9499,25.15235,7192349.0355754215,-1.4930921346156754
19542,spec-9314-57716-0977-dered.dr16,spec-9314-57716-0977norm.dr16,2.965,24.62932,24.40805,1349415.7762446234,-1.3349214156522575
19547,spec-6315-56181-0316-dered.dr16,spec-6315-56181-0316norm.dr16,2.967,25.14677,23.83117,339693.7794862375,-1.1355875438124392
19605,spec-8837-57867-0422-dered.dr16,spec-8837-57867-0422norm.dr16,2.9764,19.12575,18.54403,7605.3091261004365,-0.7417128775950713
19612,spec-4847-55931-0994-dered.dr16,spec-4847-55931-0994norm.dr16,2.978,19.55543,15.11371,15227820.902253764,-1.604154806198021
19686,spec-5396-55947-0965-dered.dr16,spec-5396-55947-0965norm.dr16,2.987,15.69568,11.60691,25140.46338988208,-1.011416252132351
19709,spec-6485-56342-0894-dered.dr16,spec-6485-56342-0894norm.dr16,2.99,13.79232,10.02646,0.20581891350785284,0.32921709214254324
19711,spec-8295-57401-0712-dered.dr16,spec-8295-57401-0712norm.dr16,2.99,24.38531,19.8066,24271315.54340692,-1.6873126492954043
19712,spec-8378-57785-0628-dered.dr16,spec-8378-57785-0628norm.dr16,2.99,37.32868,37.4811,6549.277702010333,-0.6299836192681546
19732,spec-6507-56478-0836-dered.dr16,spec-6507-56478-0836norm.dr16,2.995,12.22256,11.11441,88.86158606339455,-0.342614827832078
19755,spec-5473-56033-0358-dered.dr16,spec-5473-56033-0358norm.dr16,2.999,16.37385,12.83319,161858732.1552253,-1.9339544359697591
19772,spec-4605-55971-0570-dered.dr16,spec-4605-55971-0570norm.dr16,3.002,13.83785,10.83192,740265868.5075039,-2.1420825215972017
19805,spec-6022-56076-0620-dered.dr16,spec-6022-56076-0620norm.dr16,3.01,16.46662,11.63544,7288.138401716314,-0.8136593676448717
19828,spec-5803-56272-0804-dered.dr16,spec-5803-56272-0804norm.dr16,3.015,17.40579,12.29122,21.769148636968644,-0.10939247196700616
19870,spec-5378-56011-0828-dered.dr16,spec-5378-56011-0828norm.dr16,3.024,12.5937,10.30149,12991416.038674673,-1.6983417940557186
19873,spec-9216-57693-0234-dered.dr16,spec-9216-57693-0234norm.dr16,3.024,20.56443,16.03561,11394.509453776673,-0.9492334242930819
19874,spec-5299-55927-0634-dered.dr16,spec-5299-55927-0634norm.dr16,3.025,16.6511,13.92672,37442.961776701486,-0.9875428874284425
19888,spec-6415-56310-0876-dered.dr16,spec-6415-56310-0876norm.dr16,3.028,12.27614,10.22888,1141603.681415644,-1.4285212235786102
19892,spec-5431-56011-0922-dered.dr16,spec-5431-56011-0922norm.dr16,3.029,14.64351,12.07829,5367558.501773085,-1.5775155832913734
19912,spec-5320-55999-0336-dered.dr16,spec-5320-55999-0336norm.dr16,3.031,36.93575,37.88031,103944.20257081422,-0.9083405536227473
19921,spec-5899-56038-0844-dered.dr16,spec-5899-56038-0844norm.dr16,3.033,18.01745,15.97129,116329402.59421876,-1.8887422413387678
19960,spec-4668-56211-0938-dered.dr16,spec-4668-56211-0938norm.dr16,3.04,37.45029,34.50099,11578695.583015574,-1.4988749542280213
19965,spec-5877-56041-0440-dered.dr16,spec-5877-56041-0440norm.dr16,3.04,12.44688,10.16674,48.21047316661429,-0.24125061844801432
19987,spec-6733-56369-0874-dered.dr16,spec-6733-56369-0874norm.dr16,3.043,13.71342,12.26968,2295.5737254217524,-0.690738567463517
20001,spec-6019-56074-0110-dered.dr16,spec-6019-56074-0110norm.dr16,3.045,39.96436,30.44359,3592256.9270775383,-1.3299779040819386
20012,spec-4723-56033-0714-dered.dr16,spec-4723-56033-0714norm.dr16,3.047,12.18295,10.52983,4504896.094642618,-1.5768717260242797
20020,spec-5851-56075-0840-dered.dr16,spec-5851-56075-0840norm.dr16,3.049,17.05554,13.14396,39734.86609285549,-1.0290314102385476
20100,spec-5896-56047-0742-dered.dr16,spec-5896-56047-0742norm.dr16,3.066,18.49214,16.11977,11474.846025219085,-0.8480709623991597
20117,spec-6785-56487-0216-dered.dr16,spec-6785-56487-0216norm.dr16,3.07,25.19258,17.86908,3293273090.0423727,-2.20858470426056
20146,spec-5370-56003-0973-dered.dr16,spec-5370-56003-0973norm.dr16,3.078,14.75781,10.86691,4275.10411538503,-0.7424794311017531
20173,spec-6682-56390-0064-dered.dr16,spec-6682-56390-0064norm.dr16,3.082,29.4454,28.7528,2394161.7275871793,-1.33427799847918
20184,spec-8741-57390-0879-dered.dr16,spec-8741-57390-0879norm.dr16,3.0848,10.89204,10.44914,5116.938199409854,-0.8494181349031161
20206,spec-10908-58392-0595-dered.dr16,spec-10908-58392-0595norm.dr16,3.0888,20.27248,18.0427,498490.35861762695,-1.2337728487038424
20226,spec-5477-56030-0309-dered.dr16,spec-5477-56030-0309norm.dr16,3.094,28.74363,23.87861,309427.4080149218,-1.1274881224805915
20265,spec-5394-56001-0596-dered.dr16,spec-5394-56001-0596norm.dr16,3.103,31.48078,28.86113,95548857.10957864,-1.7336404173597537
20289,spec-8842-57424-0656-dered.dr16,spec-8842-57424-0656norm.dr16,3.108,29.31342,25.77447,2126648.2605361473,-1.3444098631906598
20304,spec-8173-57375-0807-dered.dr16,spec-8173-57375-0807norm.dr16,3.11,13.74538,10.2687,2751041.3136431593,-1.51259784096063
20334,spec-5210-56003-0182-dered.dr16,spec-5210-56003-0182norm.dr16,3.118,10.8325,10.00282,140.5591347484056,-0.3854077573893319
20339,spec-6667-56412-0746-dered.dr16,spec-6667-56412-0746norm.dr16,3.118,10.84462,10.45611,19.98511745025152,-0.16967579865844978
20358,spec-8822-58167-0082-dered.dr16,spec-8822-58167-0082norm.dr16,3.1227,20.80003,16.86233,2165120073524.07,-2.991771631192803
20379,spec-6402-56334-0966-dered.dr16,spec-6402-56334-0966norm.dr16,3.128,21.20746,18.40741,11713825.118556019,-1.610532574531859
20416,spec-6822-56711-0210-dered.dr16,spec-6822-56711-0210norm.dr16,3.136,17.63722,14.35804,1820353743.855772,-2.2252503939118564
20437,spec-5396-55947-0156-dered.dr16,spec-5396-55947-0156norm.dr16,3.14,28.34846,25.02634,6014660.055876749,-1.52160538767881
20498,spec-4408-55888-0640-dered.dr16,spec-4408-55888-0640norm.dr16,3.157,20.20858,16.27334,278932802.37941855,-1.9884806406868423
20537,spec-6138-56598-0406-dered.dr16,spec-6138-56598-0406norm.dr16,3.165,61.67303,49.79621,2524909.2477948754,-1.402099598006044
20543,spec-7683-58133-0008-dered.dr16,spec-7683-58133-0008norm.dr16,3.1655,11.86815,10.2845,0.12192312223451002,0.4496543040953868
20550,spec-6499-56571-0680-dered.dr16,spec-6499-56571-0680norm.dr16,3.167,23.33368,19.53191,155166.59438632175,-1.0765380746775728
20568,spec-8366-57432-0564-dered.dr16,spec-8366-57432-0564norm.dr16,3.171,17.55402,14.52741,458191.4377227777,-1.2581528094516663
20580,spec-6453-56365-0368-dered.dr16,spec-6453-56365-0368norm.dr16,3.175,13.89988,12.52535,842863.0476451488,-1.3507721607152328
20600,spec-5418-56037-0880-dered.dr16,spec-5418-56037-0880norm.dr16,3.18,28.0249,24.59969,21227254.40193926,-1.5904295155791763
20605,spec-8505-57834-0153-dered.dr16,spec-8505-57834-0153norm.dr16,3.18,21.57952,20.53864,0.004565038494759672,0.9187376972593359
20626,spec-5407-55926-0103-dered.dr16,spec-5407-55926-0103norm.dr16,3.186,16.36228,14.27254,4049573.923731019,-1.5255745835054095
20657,spec-6456-56339-0894-dered.dr16,spec-6456-56339-0894norm.dr16,3.194,19.79347,18.74569,10503.734638135524,-0.7810827364019185
20660,spec-6405-56342-0814-dered.dr16,spec-6405-56342-0814norm.dr16,3.195,20.54557,21.08894,0.9596905659364633,0.2941748889214245
20685,spec-11313-58426-0779-dered.dr16,spec-11313-58426-0779norm.dr16,3.2013,48.20833,45.49137,1343740950250.3552,-2.7228580926151227
20710,spec-7340-56833-0023-dered.dr16,spec-7340-56833-0023norm.dr16,3.208,34.85092,32.97751,3336329.999302398,-1.3843686868214145
20750,spec-7086-56658-0678-dered.dr16,spec-7086-56658-0678norm.dr16,3.22,16.6082,12.98512,3067383011.264861,-2.3305096917393184
20783,spec-7317-56992-0127-dered.dr16,spec-7317-56992-0127norm.dr16,3.229,23.10237,19.17737,118819.92656019081,-1.0782816825572445
20806,spec-4472-55893-0828-dered.dr16,spec-4472-55893-0828norm.dr16,3.234,15.12318,13.71741,3697.4447882008512,-0.6873981811680572
20810,spec-5164-56067-0222-dered.dr16,spec-5164-56067-0222norm.dr16,3.235,18.71667,17.00945,3273730.816032648,-1.4539698159227297
20821,spec-7135-56564-0944-dered.dr16,spec-7135-56564-0944norm.dr16,3.236,20.51931,19.32172,91979.96577164663,-1.0301275359124817
20832,spec-6433-56339-0623-dered.dr16,spec-6433-56339-0623norm.dr16,3.24,15.29255,13.70098,302931.8822122535,-1.226072737568031
20858,spec-6404-56330-0486-dered.dr16,spec-6404-56330-0486norm.dr16,3.246,15.83307,11.32466,330874391.25260097,-1.9829877977442039
20870,spec-6009-56313-0958-dered.dr16,spec-6009-56313-0958norm.dr16,3.249,13.9191,10.3385,62247825.31251398,-1.8365547210851567
20881,spec-11337-58431-0989-dered.dr16,spec-11337-58431-0989norm.dr16,3.2511,19.29603,17.46751,13538.45801934927,-0.8097683599620226
20886,spec-5972-56334-0816-dered.dr16,spec-5972-56334-0816norm.dr16,3.252,15.65314,12.53346,14842.623512309628,-0.9447951478655217
20892,spec-8185-57431-0092-dered.dr16,spec-8185-57431-0092norm.dr16,3.255,13.07495,10.28144,68941.51873280798,-1.05986995026183
20918,spec-8167-57071-0510-dered.dr16,spec-8167-57071-0510norm.dr16,3.263,13.53035,10.13636,222035.39397546166,-1.1950159808068443
21019,spec-8360-57452-0269-dered.dr16,spec-8360-57452-0269norm.dr16,3.298,13.85328,11.41891,2228178.0110968,-1.4821181230313694
21028,spec-6603-56567-0380-dered.dr16,spec-6603-56567-0380norm.dr16,3.301,15.01728,12.5719,14.592829823172593,-0.07497476722588955
21066,spec-10443-58155-0336-dered.dr16,spec-10443-58155-0336norm.dr16,3.3136,16.18793,14.40491,11017424803475.889,-3.184934508327185
21088,spec-5182-56341-0344-dered.dr16,spec-5182-56341-0344norm.dr16,3.323,17.49065,16.1633,1644055.203429157,-1.3853806290240807
21100,spec-8175-57039-0600-dered.dr16,spec-8175-57039-0600norm.dr16,3.325,22.40681,20.1671,43774380.92412741,-1.7514324521699909
21106,spec-7589-56946-0450-dered.dr16,spec-7589-56946-0450norm.dr16,3.3273,24.22163,21.81094,40079873855.333755,-2.4825489384773753
21135,spec-7058-56593-0240-dered.dr16,spec-7058-56593-0240norm.dr16,3.337,18.41006,15.28877,34071537917.761456,-2.4925429639001973
21210,spec-8382-57513-0539-dered.dr16,spec-8382-57513-0539norm.dr16,3.3716,17.75003,15.42425,115951.576866762,-1.0675754573017988
21228,spec-7703-57333-0112-dered.dr16,spec-7703-57333-0112norm.dr16,3.3786,27.67905,25.74941,1092273685902.7567,-2.8506437344080258
21239,spec-10286-58084-0182-dered.dr16,spec-10286-58084-0182norm.dr16,3.3836,15.53681,14.59883,78398968451.33673,-2.642384753921576
21266,spec-8858-57450-0148-dered.dr16,spec-8858-57450-0148norm.dr16,3.395,18.45403,13.64854,1892091.4707624102,-1.3982456693023624
21271,spec-7759-58401-0944-dered.dr16,spec-7759-58401-0944norm.dr16,3.3967,14.13435,13.11033,252923.85415035926,-1.1948029063848817
21288,spec-5868-56045-0372-dered.dr16,spec-5868-56045-0372norm.dr16,3.403,17.50183,17.29355,69384.53763723804,-0.9811154608077336
21340,spec-5796-56274-0746-dered.dr16,spec-5796-56274-0746norm.dr16,3.431,21.75709,19.64053,5376093772.486203,-2.2498082686007423
21345,spec-7653-57306-0072-dered.dr16,spec-7653-57306-0072norm.dr16,3.434,13.24339,11.34528,471932.4052185746,-1.2983115012758415
21357,spec-9242-58022-0163-dered.dr16,spec-9242-58022-0163norm.dr16,3.4406,13.14767,11.81649,5017485086575.208,-3.136267747155256
21365,spec-9197-57680-0238-dered.dr16,spec-9197-57680-0238norm.dr16,3.448,23.58224,19.3075,59629017.87245118,-1.80777324469884
21381,spec-11316-58396-0302-dered.dr16,spec-11316-58396-0302norm.dr16,3.4572,54.02648,47.0181,866842481.5387595,-1.8669852920319276
21400,spec-10000-57716-0534-dered.dr16,spec-10000-57716-0534norm.dr16,3.474,27.36328,24.2183,1799799048.2727609,-2.1232966314523796
21404,spec-5956-56104-0146-dered.dr16,spec-5956-56104-0146norm.dr16,3.477,12.15698,10.7015,9235407.01809963,-1.6425260977582576
21411,spec-8522-58193-0728-dered.dr16,spec-8522-58193-0728norm.dr16,3.4825,26.50123,24.59502,1021967223.310844,-2.0449247219029103
21437,spec-8363-58140-0349-dered.dr16,spec-8363-58140-0349norm.dr16,3.5014,24.55847,22.83061,4607771776676.692,-3.0165162807005244
21469,spec-9394-58108-0265-dered.dr16,spec-9394-58108-0265norm.dr16,3.5283,32.93921,31.10234,93665439672035.22,-3.300527717991662
21558,spec-8379-57787-0544-dered.dr16,spec-8379-57787-0544norm.dr16,3.6121,23.92027,20.78547,102240669559.81573,-2.6120297125936918
21567,spec-6122-56246-0696-dered.dr16,spec-6122-56246-0696norm.dr16,3.623,18.66014,17.13663,101119.62475999029,-1.1026618550785066
21572,spec-7320-56722-0556-dered.dr16,spec-7320-56722-0556norm.dr16,3.625,20.37666,13.27135,4444217.173638113,-1.4790527679713024
21610,spec-4395-55828-0336-dered.dr16,spec-4395-55828-0336norm.dr16,3.675,24.8494,19.43922,222737.0555566518,-1.081740146552606
21621,spec-5211-56002-0693-dered.dr16,spec-5211-56002-0693norm.dr16,3.687,16.59241,12.20552,184082.10191988284,-1.2123030527862564
21641,spec-5976-56356-0418-dered.dr16,spec-5976-56356-0418norm.dr16,3.701,16.77802,14.42767,864825.6321056,-1.2928428736383908
21674,spec-5030-55830-0288-dered.dr16,spec-5030-55830-0288norm.dr16,3.765,16.79488,11.51961,39815758.73170845,-1.7712050332691385
21701,spec-5321-55945-0726-dered.dr16,spec-5321-55945-0726norm.dr16,3.823,17.2456,12.00633,1510851.1507806503,-1.3749630955368877
21714,spec-8396-57837-0736-dered.dr16,spec-8396-57837-0736norm.dr16,3.851,19.34255,14.32041,344462.17425402097,-1.2156420121939124
21720,spec-7710-58284-0611-dered.dr16,spec-7710-58284-0611norm.dr16,3.8613,13.95458,11.26491,61478019.03223219,-1.8699849923898229
21730,spec-7760-58080-0408-dered.dr16,spec-7760-58080-0408norm.dr16,3.8838,44.16758,35.63678,50028296.77669074,-1.5884599009874503
21749,spec-7894-57339-0669-dered.dr16,spec-7894-57339-0669norm.dr16,3.959,20.43792,11.47048,1526.4030189106868,-0.6105388044194574
21753,spec-9311-57743-0630-dered.dr16,spec-9311-57743-0630norm.dr16,3.978,21.83563,15.60756,48704.547238395135,-1.0013531535552525
21763,spec-7286-57096-0132-dered.dr16,spec-7286-57096-0132norm.dr16,4.01,17.49174,10.96415,177.41676646414365,-0.3741338164083856
21778,spec-6447-56362-0854-dered.dr16,spec-6447-56362-0854norm.dr16,4.121,18.89754,11.52635,3359041.86745062,-1.4644387366476435
21785,spec-5042-55856-0220-dered.dr16,spec-5042-55856-0220norm.dr16,4.175,21.85014,11.79466,760798.302966952,-1.3350612568481597
21789,spec-8545-58041-0298-dered.dr16,spec-8545-58041-0298norm.dr16,4.2303,17.02233,10.35578,282741844819.8674,-2.782538809917371
21796,spec-11321-58425-0150-dered.dr16,spec-11321-58425-0150norm.dr16,4.3552,18.61023,12.47161,298361545.23777103,-1.97072590353714
21806,spec-7759-58401-0448-dered.dr16,spec-7759-58401-0448norm.dr16,4.5859,14.34541,10.08879,195713709.39409342,-1.967187646748803
21807,spec-9178-58081-0892-dered.dr16,spec-9178-58081-0892norm.dr16,4.5883,15.91307,12.47232,1312322924.0173635,-2.1774128667341226
21819,spec-8840-57425-0711-dered.dr16,spec-8840-57425-0711norm.dr16,4.9958,19.56439,16.075,3272321826.13407,-2.205226488407839
21820,spec-10249-58229-0050-dered.dr16,spec-10249-58229-0050norm.dr16,5.0076,14.39254,12.39466,18646742473.75182,-2.45660532152651
21821,spec-11565-58507-0932-dered.dr16,spec-11565-58507-0932norm.dr16,5.0417,17.23759,10.49198,320135.91588885436,-1.2299381446234796
