SPECTRA INDEX,SPECTRA FILE NAME,NORM SPECTRA FILE NAME,REDSHIFT,CALCULATED SNR,SDSS SNR,BF,CF,NEEDS RECALCULATION,Masked Regions
1,spec-10431-58137-0135-dered.dr16,spec-10431-58137-0135norm.dr16,1.914,13.83831,18.46092,13227.50422,-0.8109277,N,[]
2,spec-10728-58248-0740-dered.dr16,spec-10728-58248-0740norm.dr16,2.035,10.30836,12.45915,357.0119765,-0.47693834,N,[]
3,spec-11277-58450-0622-dered.dr16,spec-11277-58450-0622norm.dr16,2.6276,23.2907,25.41373,40.43199725,-0.089803951,Y,"[[(-40000.0, -39800.0)], [(-47030.0, -46810.0), (-48000.0, -47750.0)]]"
4,spec-11395-58488-0418-dered.dr16,spec-11395-58488-0418norm.dr16,2.3577,11.11326,14.26299,7.815536195,-0.024502731,Y,"[(-46000.0, -45500.0)]"
5,spec-11634-58484-0334-dered.dr16,spec-11634-58484-0334norm.dr16,2.0461,11.89765,17.33883,6960.779256,-0.729374819,N,[nan]
6,spec-4419-55867-0178-dered.dr16,spec-4419-55867-0178norm.dr16,2.362,16.88509,18.15828,46.95636628,-0.149954805,N,[]
7,spec-4485-55836-0092-dered.dr16,spec-4485-55836-0092norm.dr16,2.861,13.44172,13.08521,0.001068381,0.982621142,Y,"[[(-31900.0, -31330.0)]]"
8,spec-4538-55860-0660-dered.dr16,spec-4538-55860-0660norm.dr16,2.323,12.4685,13.37625,231.1421436,-0.427903852,Y,"[(-41650.0, -41400.0), (-42650.0, -42500.0)]"
9,spec-4663-55893-0248-dered.dr16,spec-4663-55893-0248norm.dr16,2.361,22.08493,21.63305,10195.76644,-0.749773756,N,[nan]
10,spec-4663-55893-0854-dered.dr16,spec-4663-55893-0854norm.dr16,3.106,15.94493,13.52017,89459.60932,-1.045109342,Y,"[(-39349.0, -38849.0)]"
11,spec-5039-56220-0625-dered.dr16,spec-5039-56220-0625norm.dr16,2.408,23.08663,23.49805,4354.866665,-0.643649826,N,[nan]
12,spec-5144-55829-0475-dered.dr16,spec-5144-55829-0475norm.dr16,2.548,24.11456,20.90533,121010.1372,-1.033865907,Y,"[(-31980.0, -31650.0), (-33500.0, -33000.0), (-33950.0, -33550.0), (-36980.0, -36550.0), (-39400.0, -38900.0), (-41206.0, -40800.0)]"
13,spec-5174-56047-0344-dered.dr16,spec-5174-56047-0344norm.dr16,3.583,11.74977,10.17009,0.005762067,0.783413251,Y,"[(-38950.0, -37900.0)]"
14,spec-5179-55957-0836-dered.dr16,spec-5179-55957-0836norm.dr16,2.495,18.8045,18.2289,13.37796399,-0.004496367,N,[nan]
15,spec-5187-56074-0092-dered.dr16,spec-5187-56074-0092norm.dr16,1.945,25.697,35.5062,4728187.733,-1.332158616,N,[nan]
16,spec-5212-56016-0348-dered.dr16,spec-5212-56016-0348norm.dr16,2.138,23.86843,27.72645,3772.440566,-0.602807758,N,[nan]
17,spec-5288-55865-0958-dered.dr16,spec-5288-55865-0958norm.dr16,3.204,20.35903,16.79357,15292.03324,-0.845505963,Y,"[(-39700.0, -39300.0)]"
18,spec-5320-55999-0336-dered.dr16,spec-5320-55999-0336norm.dr16,3.031,39.49401,37.88031,58874.37399,-0.844636797,N,[nan]
19,spec-5338-56002-0157-dered.dr16,spec-5338-56002-0157norm.dr16,2.585,14.23778,13.11698,2215079.444,-1.483638145,N,[nan]
20,spec-5356-55979-0586-dered.dr16,spec-5356-55979-0586norm.dr16,2.231,13.247,12.27479,86306.11756,-1.084249635,Y,[]
21,spec-5372-55978-0742-dered.dr16,spec-5372-55978-0742norm.dr16,2.382,10.38175,10.71974,1174.767131,-0.631014586,N,[]
22,spec-5372-55978-0916-dered.dr16,spec-5372-55978-0916norm.dr16,2.16,10.01865,13.53508,212.9747991,-0.403915327,Y,"[[(-49000.0, -48500.0), (-47550.0, -47250.0), (-44800.0, -43900.0), (-49000.0, -48500.0), (-47550.0, -47250.0), (-44800.0, -43900.0)]]"
23,spec-5374-55947-0608-dered.dr16,spec-5374-55947-0608norm.dr16,3.07,22.93383,19.99345,2761.396126,-0.687413928,Y,"[[(-36850.0, -36100.0)]]"
24,spec-5391-56000-0254-dered.dr16,spec-5391-56000-0254norm.dr16,2.079,28.13357,34.18243,768286.2719,-1.201570238,N,[]
25,spec-5394-56001-0990-dered.dr16,spec-5394-56001-0990norm.dr16,2.842,26.02273,24.19127,474946.033,-1.17179711,N,[]
26,spec-5415-55982-0013-dered.dr16,spec-5415-55982-0013norm.dr16,2.072,17.12489,25.82628,21815.79776,-0.798346402,Y,"[[(-37600.0, -37100.0), (-39300.0, -39000.0)]]"
27,spec-5421-55980-0918-dered.dr16,spec-5421-55980-0918norm.dr16,4.479,23.01241,11.01013,38636885.75,-1.707001183,N,[]
28,spec-5427-56001-0204-dered.dr16,spec-5427-56001-0204norm.dr16,2.444,18.84151,18.02541,14566.14915,-0.839238969,N,[]
29,spec-5430-56000-0964-dered.dr16,spec-5430-56000-0964norm.dr16,2.552,11.41741,14.76131,1486.787159,-0.621302829,N,[]
30,spec-5454-56015-0104-dered.dr16,spec-5454-56015-0104norm.dr16,2,11.61473,15.97827,5389.961848,-0.735284876,N,[]
31,spec-5465-55988-0798-dered.dr16,spec-5465-55988-0798norm.dr16,3.003,19.44058,20.54525,100.44058,-0.223341409,N,[]
32,spec-5476-55986-0599-dered.dr16,spec-5476-55986-0599norm.dr16,3.159,14.28691,12.20843,14951.49956,-0.867347573,N,[]
33,spec-5483-56017-0061-dered.dr16,spec-5483-56017-0061norm.dr16,2.809,18.65701,19.04989,123.0317072,-0.270638829,Y,"[[(-42500.0, -41550.0)]]"
34,spec-5486-56030-0078-dered.dr16,spec-5486-56030-0078norm.dr16,2.419,13.20276,13.96658,1131.411148,-0.582309655,N,[]
35,spec-5494-55857-0549-dered.dr16,spec-5494-55857-0549norm.dr16,2.635,27.59846,22.82751,6460147.371,-1.499575097,N,[]
36,spec-5712-56602-0074-dered.dr16,spec-5712-56602-0074norm.dr16,1.94,10.08214,19.64569,7101.515689,-0.733105521,Y,"[[(-48600.0, -48200.0)]]"
37,spec-5745-55998-0657-dered.dr16,spec-5745-55998-0657norm.dr16,2.466,12.33595,12.95258,1691.22119,-0.630046716,N,[]
38,spec-5778-56328-0973-dered.dr16,spec-5778-56328-0973norm.dr16,2.015,14.83106,19.98327,311587.797,-1.178615988,N,[]
39,spec-5807-56329-0778-dered.dr16,spec-5807-56329-0778norm.dr16,2.089,29.7898,35.65065,24449754.49,-1.531862314,N,[]
40,spec-5809-56353-0704-dered.dr16,spec-5809-56353-0704norm.dr16,2.308,14.85248,11.31122,3798048.266,-1.540735336,Y,"[[(-40600.0, -40250.0), (-39800.0, -39450.0), (-39200.0, -38900.0), (-38800.0, -38600.0)]]"
41,spec-5868-56045-0372-dered.dr16,spec-5868-56045-0372norm.dr16,3.403,18.11065,17.29355,235562.196,-1.121073174,Y,"[[(-46100.0, -45600.0), (-46500.0, -46100.0), (-48791.0, -48550.0)]]"
42,spec-5896-56047-0658-dered.dr16,spec-5896-56047-0658norm.dr16,2.892,17.72636,19.92415,83.28533401,-0.261151895,N,[]
43,spec-5998-56087-0294-dered.dr16,spec-5998-56087-0294norm.dr16,2.545,14.16405,12.33379,1818404.805,-1.473879071,N,[]
44,spec-6045-56072-0455-dered.dr16,spec-6045-56072-0455norm.dr16,2.208,26.30587,29.57194,211828.0084,-1.045254309,N,[]
45,spec-6122-56246-0696-dered.dr16,spec-6122-56246-0696norm.dr16,3.623,19.12713,17.13663,47546.89323,-1.013449185,N,[]
46,spec-6138-56598-0754-dered.dr16,spec-6138-56598-0754norm.dr16,2.395,24.77012,24.75767,9.756531839,-0.120174088,N,[]
47,spec-6142-56219-0893-dered.dr16,spec-6142-56219-0893norm.dr16,2.716,20.0871,19.12621,289844.6271,-1.1612053,N,[]
48,spec-6182-56190-0657-dered.dr16,spec-6182-56190-0657norm.dr16,2.968,17.26976,14.60183,226705.3003,-1.189294775,N,[]
49,spec-6199-56220-0264-dered.dr16,spec-6199-56220-0264norm.dr16,2.762,24.14983,25.16328,2.031859368,0.222822444,N,[]
50,spec-6257-56274-0490-dered.dr16,spec-6257-56274-0490norm.dr16,2.37,17.30719,13.35247,121314579.1,-1.849377098,N,[]
51,spec-6313-56460-0295-dered.dr16,spec-6313-56460-0295norm.dr16,2.615,22.95622,20.66545,4868228.213,-1.473081237,N,[]
52,spec-6318-56186-0342-dered.dr16,spec-6318-56186-0342norm.dr16,2.369,14.45799,14.48885,2144.838879,-0.655090212,N,[]
53,spec-6389-56270-0061-dered.dr16,spec-6389-56270-0061norm.dr16,2.752,11.80986,12.88835,11.61271409,-0.067734367,N,[]
54,spec-6402-56334-0966-dered.dr16,spec-6402-56334-0966norm.dr16,3.128,21.62929,18.40741,9224075.423,-1.582731563,N,[]
55,spec-6405-56342-0814-dered.dr16,spec-6405-56342-0814norm.dr16,3.195,19.9061,21.08894,12.14009452,-0.001417213,N,[]
56,spec-6412-56358-0454-dered.dr16,spec-6412-56358-0454norm.dr16,3.094,12.16403,10.00906,5906754.005,-1.618477953,N,[]
57,spec-6422-56328-0988-dered.dr16,spec-6422-56328-0988norm.dr16,3.083,35.73123,36.92491,156.5997418,-0.186820402,Y,"[[(-37700.0, -37200.0)], [(-58500.0, -57900.0)]]"
58,spec-6433-56339-0278-dered.dr16,spec-6433-56339-0278norm.dr16,2.605,10.1235,10.12773,8263.453321,-0.888031226,N,[]
59,spec-6442-56369-0246-dered.dr16,spec-6442-56369-0246norm.dr16,2.093,19.96256,24.68855,181662.763,-1.075266636,N,[]
60,spec-6447-56362-0854-dered.dr16,spec-6447-56362-0854norm.dr16,4.121,19.43312,11.52635,1614591.498,-1.382793479,Y,"[[(-42740.0, -42400.0), (-42240.0, -41900.0)], [(-46950.0, -46500.0)]]"
61,spec-6456-56339-0894-dered.dr16,spec-6456-56339-0894norm.dr16,3.194,19.93668,18.74569,19143.70385,-0.848682,Y,"[[(-45500.0, -44900.0)]]"
62,spec-6621-56366-0502-dered.dr16,spec-6621-56366-0502norm.dr16,2.028,19.72603,25.52207,29865.74092,-0.79891938,N,[]
63,spec-6640-56385-0896-dered.dr16,spec-6640-56385-0896norm.dr16,2.549,10.21153,11.74678,0.465776379,0.300446189,N,[]
64,spec-6670-56389-0168-dered.dr16,spec-6670-56389-0168norm.dr16,2.846,27.76658,24.36338,54661357.69,-1.715799193,N,[]
65,spec-6674-56416-0693-dered.dr16,spec-6674-56416-0693norm.dr16,2.145,11.377,17.60144,0.007152796,0.850150353,N,[]
66,spec-6674-56416-0964-dered.dr16,spec-6674-56416-0964norm.dr16,2.295,12.69295,12.22923,60242.50091,-1.048788292,N,[]
67,spec-6727-56369-0773-dered.dr16,spec-6727-56369-0773norm.dr16,2.4,21.84989,26.10978,61.77355754,-0.124327119,Y,"[[(-48300.0, -47200.0)], [(-57200.0, -56800.0)]]"
68,spec-6729-56419-0322-dered.dr16,spec-6729-56419-0322norm.dr16,2.394,18.60493,18.61889,1008.916848,-0.502615355,Y,"[[(-36980.0, -36430.0), (-39500.0, -38930.0), (-39990.0, -39500.0)]]"
69,spec-6754-56414-0240-dered.dr16,spec-6754-56414-0240norm.dr16,2.395,12.28429,13.84518,441.4854081,-0.471256164,N,[]
70,spec-6754-56414-0561-dered.dr16,spec-6754-56414-0561norm.dr16,2.81,14.9462,12.84301,360401.5609,-1.242661575,N,[]
71,spec-6806-56419-0302-dered.dr16,spec-6806-56419-0302norm.dr16,2.37,13.7273,13.58384,667.2230144,-0.509125072,N,[]
72,spec-6969-56420-0959-dered.dr16,spec-6969-56420-0959norm.dr16,2.572,12.49892,12.73586,53.63668164,-0.217055388,Y,"[[(-44100.0, -43650.0), (-42600.0, -42100.0)], [(-54800.0, -54450.0)]]"
73,spec-6976-56448-0440-dered.dr16,spec-6976-56448-0440norm.dr16,2.385,17.78099,19.57809,1485.010235,-0.522359129,N,[]
74,spec-6983-56447-0896-dered.dr16,spec-6983-56447-0896norm.dr16,3.05,15.47605,13.24734,30377.81937,-0.950054795,Y,"[[(-35195.0, -34670.0), (-35175.0, -34650.0), (-35100.0, -34600.0), (-35205.0, -34690.0), (-35100.0, -34720.0), (-35250.0, -34720.0), (-35300.0, -34720.0)], [(-46789.0, -46499.0), (-46010.0, -45740.0), (-44879.0, -44679.0), (-42109.0, -41899.0), (-41679.0, -41164.0)]]"
75,spec-7083-56722-0348-dered.dr16,spec-7083-56722-0348norm.dr16,2.37,15.86764,18.96968,1192.622136,-0.491809299,N,[]
76,spec-7089-56661-0060-dered.dr16,spec-7089-56661-0060norm.dr16,2.702,20.75997,16.48688,139090.4488,-1.09114708,N,[]
77,spec-7098-56661-0163-dered.dr16,spec-7098-56661-0163norm.dr16,2.335,12.36483,13.3841,5.75331648,0.023336485,N,[]
78,spec-7148-56591-0664-dered.dr16,spec-7148-56591-0664norm.dr16,2.248,13.23612,11.89801,123495.5486,-1.162478809,N,[]
79,spec-7391-56781-0721-dered.dr16,spec-7391-56781-0721norm.dr16,2.63,24.88217,26.41178,7886.297809,-0.678888082,N,[]
80,spec-7597-56973-0699-dered.dr16,spec-7597-56973-0699norm.dr16,1.969,14.27573,24.8772,112.3047419,-0.22024093,N,[]
81,spec-7622-56987-0113-dered.dr16,spec-7622-56987-0113norm.dr16,3.45,21.71429,20.37095,31248.32459,-0.904331015,Y,"[[(-46915.0, -46495.0)]]"
82,spec-7667-57580-0430-dered.dr16,spec-7667-57580-0430norm.dr16,2.32,14.58467,17.16351,2009.320506,-0.615847125,N,[]
83,spec-7673-57329-0103-dered.dr16,spec-7673-57329-0103norm.dr16,2.21,12.4311,17.1123,103836.3681,-1.067071281,Y,"[[[(-39720.0, -39270.0), (-39220.0, -38890.0), (-38510.0, -38170.0)]]"
84,spec-7678-57282-0598-dered.dr16,spec-7678-57282-0598norm.dr16,2.2507,11.63167,16.63723,372.5435742,-0.434785593,N,[]
85,spec-7694-57359-0006-dered.dr16,spec-7694-57359-0006norm.dr16,2.86,16.13597,15.36852,429.5361252,-0.445933681,N,[]
86,spec-7701-57356-0794-dered.dr16,spec-7701-57356-0794norm.dr16,2.6636,20.06602,23.62581,126.8178217,-0.277193832,Y,"[[(-38541.0, -38141.0), (-37241.0, -36541.0)]]"
87,spec-7861-57281-0472-dered.dr16,spec-7861-57281-0472norm.dr16,2.0838,11.82054,13.40981,75559595.5,-1.876162169,N,[]
88,spec-8059-57895-0912-dered.dr16,spec-8059-57895-0912norm.dr16,2.995,16.87417,16.08408,4665.699144,-0.735067982,N,[]
89,spec-8205-58143-0500-dered.dr16,spec-8205-58143-0500norm.dr16,2.6904,15.09881,15.98601,100.9078699,-0.247739209,N,[]
90,spec-8374-57783-0919-dered.dr16,spec-8374-57783-0919norm.dr16,3.3,27.68614,26.13533,16769.04275,-0.785127689,Y,"[[(-38143.0, -37843.0), (-36843.0, -36543.0)], [(-43442.0, -42742.0)]]"
91,spec-8381-57512-0320-dered.dr16,spec-8381-57512-0320norm.dr16,2.9289,17.58276,19.55694,32.05287044,-0.125175796,Y,"[[(-42294.0, -42000.0)], [(-52996.0, -52146.0), (-50796.0, -50296.0)]]"
92,spec-8396-57837-0736-dered.dr16,spec-8396-57837-0736norm.dr16,3.851,19.70139,14.32041,75485.72146,-1.041756036,N,[]
93,spec-8507-57878-0108-dered.dr16,spec-8507-57878-0108norm.dr16,2.8586,13.61217,12.48467,1321.01299,-0.646894511,N,[]
94,spec-8524-57656-0969-dered.dr16,spec-8524-57656-0969norm.dr16,2.314,19.09821,21.21054,29118.16216,-0.912458874,N,[]
95,spec-8839-57846-0634-dered.dr16,spec-8839-57846-0634norm.dr16,2.8595,14.0669,17.82099,0.245695651,0.407254788,Y,"[[(-32757.0, -32457.0), (-30156.0, -29957.0)], [(-39500.0, -39200.0), (-51760.0, -51260.0), (-49455.0, -48840.0), (-47360.0, -47160.0)]]"
96,spec-9142-57664-0368-dered.dr16,spec-9142-57664-0368norm.dr16,2.1098,18.14468,25.19914,22.07982873,-0.025579314,N,[]
97,spec-9312-57784-0360-dered.dr16,spec-9312-57784-0360norm.dr16,2.978,15.45078,15.13986,239.077325,-0.375891966,Y,"[[(-33586.0, -33206.0)], [(-57410.0, -57210.0), (-57910.0, -57710.0), (-56610.0, -56110.0)]]"
98,spec-9345-57713-0464-dered.dr16,spec-9345-57713-0464norm.dr16,2.61,27.37706,24.2946,628172.8777,-1.222018716,Y,"[[(-44522.0, -44272.0)], [(-53889.0, -53539.0), (-53339.0, -53089.0)]]"
